subject,nStartParticles,particles_to_mutate,LL
y7a6denlnqvwcgm,5,1,175.92023215628828
y7a6denlnqvwcgm,5,2,175.45109949855322
y7a6denlnqvwcgm,5,3,175.27777383901437
y7a6denlnqvwcgm,5,4,175.13886989752976
y7a6denlnqvwcgm,10,1,172.97064405083566
y7a6denlnqvwcgm,10,2,175.16558358968666
y7a6denlnqvwcgm,10,3,175.14212515164272
y7a6denlnqvwcgm,10,4,174.41581511273634
y7a6denlnqvwcgm,10,5,176.82585159331654
y7a6denlnqvwcgm,15,1,173.66440024533264
y7a6denlnqvwcgm,15,2,174.73976276905904
y7a6denlnqvwcgm,15,3,175.71208903455565
y7a6denlnqvwcgm,15,4,174.42808094652494
y7a6denlnqvwcgm,15,5,175.2359189759135
y7a6denlnqvwcgm,15,10,176.33010106740454
y7a6denlnqvwcgm,20,1,176.3745817502971
y7a6denlnqvwcgm,20,2,173.56361570713085
y7a6denlnqvwcgm,20,3,176.75193350130075
y7a6denlnqvwcgm,20,4,174.9525373686378
y7a6denlnqvwcgm,20,5,174.24139504621445
y7a6denlnqvwcgm,20,10,176.0624456172095
y7a6denlnqvwcgm,100,5,174.78607524369957
y7a6denlnqvwcgm,100,10,170.98396949307298
y7a6denlnqvwcgm,100,50,177.19689653316016
y7a6denlnqvwcgm,1000,50,173.57989692730192
y7a6denlnqvwcgm,1000,500,174.87625442247366
y7a6denlnqvwcgm,1000,750,176.75639113304624
y7a6denlnqvwcgm,10000,500,172.22782993627274
y7a6denlnqvwcgm,10000,750,173.88965169809032
y7a6denlnqvwcgm,10000,1000,173.73919668070621
y7a6denlnqvwcgm,10000,5000,174.9265423693827
y7a6denlnqvwcgm,10000,7500,175.74119811616768
tf2ekjffoeoptr3,5,1,200.0643660012344
tf2ekjffoeoptr3,5,2,200.84590787412108
tf2ekjffoeoptr3,5,3,203.78724228462534
tf2ekjffoeoptr3,5,4,202.03788765466692
tf2ekjffoeoptr3,10,1,201.15513729770475
tf2ekjffoeoptr3,10,2,204.08347265093454
tf2ekjffoeoptr3,10,3,200.55228386642165
tf2ekjffoeoptr3,10,4,202.8459074823927
tf2ekjffoeoptr3,10,5,201.40846786866868
tf2ekjffoeoptr3,15,1,200.86047252554147
tf2ekjffoeoptr3,15,2,199.65285027352763
tf2ekjffoeoptr3,15,3,201.28714476586433
tf2ekjffoeoptr3,15,4,201.53674540043508
tf2ekjffoeoptr3,15,5,202.116170158744
tf2ekjffoeoptr3,15,10,201.5522645904569
tf2ekjffoeoptr3,20,1,202.1637388103837
tf2ekjffoeoptr3,20,2,201.44603858961236
tf2ekjffoeoptr3,20,3,199.6542374016172
tf2ekjffoeoptr3,20,4,201.00195242527394
tf2ekjffoeoptr3,20,5,201.87326601193945
tf2ekjffoeoptr3,20,10,202.51850856375992
tf2ekjffoeoptr3,100,5,202.20303630630474
tf2ekjffoeoptr3,100,10,203.06320088120813
tf2ekjffoeoptr3,100,50,203.27460908204523
tf2ekjffoeoptr3,1000,50,202.84945151021623
tf2ekjffoeoptr3,1000,500,202.14181583285315
tf2ekjffoeoptr3,1000,750,205.86599241699366
tf2ekjffoeoptr3,10000,500,204.4342169347261
tf2ekjffoeoptr3,10000,750,203.63151482391584
tf2ekjffoeoptr3,10000,1000,202.1127036611703
tf2ekjffoeoptr3,10000,5000,204.18903652713354
tf2ekjffoeoptr3,10000,7500,206.07966354468684
4r8fa9xh0zzco6o,5,1,210.1929166457001
4r8fa9xh0zzco6o,5,2,208.92754427631212
4r8fa9xh0zzco6o,5,3,203.86669503921948
4r8fa9xh0zzco6o,5,4,212.62288649516842
4r8fa9xh0zzco6o,10,1,204.17483870585454
4r8fa9xh0zzco6o,10,2,204.75855651156164
4r8fa9xh0zzco6o,10,3,206.49530439130126
4r8fa9xh0zzco6o,10,4,206.83833550996363
4r8fa9xh0zzco6o,10,5,208.85716709941
4r8fa9xh0zzco6o,15,1,203.02696237836133
4r8fa9xh0zzco6o,15,2,204.3203112099339
4r8fa9xh0zzco6o,15,3,204.9514283780471
4r8fa9xh0zzco6o,15,4,206.41105838329676
4r8fa9xh0zzco6o,15,5,203.93442835742547
4r8fa9xh0zzco6o,15,10,207.98668245170578
4r8fa9xh0zzco6o,20,1,204.2654693380164
4r8fa9xh0zzco6o,20,2,207.79915194052677
4r8fa9xh0zzco6o,20,3,201.6997575822337
4r8fa9xh0zzco6o,20,4,204.33095232072634
4r8fa9xh0zzco6o,20,5,205.89469439775218
4r8fa9xh0zzco6o,20,10,206.47931991478816
4r8fa9xh0zzco6o,100,5,203.3266680685526
4r8fa9xh0zzco6o,100,10,203.63269954753972
4r8fa9xh0zzco6o,100,50,205.0817865316639
4r8fa9xh0zzco6o,1000,50,204.90768302384262
4r8fa9xh0zzco6o,1000,500,209.1026136632958
4r8fa9xh0zzco6o,1000,750,211.27416781223744
4r8fa9xh0zzco6o,10000,500,203.30506392517765
4r8fa9xh0zzco6o,10000,750,203.38842711362878
4r8fa9xh0zzco6o,10000,1000,203.49003696143976
4r8fa9xh0zzco6o,10000,5000,205.26031963520728
4r8fa9xh0zzco6o,10000,7500,207.52482906696682
a9tn75magy8nffy,5,1,182.1957924773473
a9tn75magy8nffy,5,2,185.64563547429756
a9tn75magy8nffy,5,3,187.1127601505397
a9tn75magy8nffy,5,4,187.55270201543703
a9tn75magy8nffy,10,1,184.24465059707987
a9tn75magy8nffy,10,2,186.9849281840664
a9tn75magy8nffy,10,3,186.35951422761582
a9tn75magy8nffy,10,4,187.16882675805488
a9tn75magy8nffy,10,5,187.41184874178364
a9tn75magy8nffy,15,1,184.0296281003932
a9tn75magy8nffy,15,2,184.2089419907183
a9tn75magy8nffy,15,3,185.87100457259123
a9tn75magy8nffy,15,4,187.12026775822315
a9tn75magy8nffy,15,5,186.85402430144023
a9tn75magy8nffy,15,10,190.9370005161526
a9tn75magy8nffy,20,1,183.51375262612515
a9tn75magy8nffy,20,2,185.64676420834152
a9tn75magy8nffy,20,3,184.6746830697647
a9tn75magy8nffy,20,4,184.42385347356708
a9tn75magy8nffy,20,5,185.08445808800752
a9tn75magy8nffy,20,10,189.80292094807947
a9tn75magy8nffy,100,5,185.26629162987444
a9tn75magy8nffy,100,10,185.13829720148485
a9tn75magy8nffy,100,50,190.86104645934194
a9tn75magy8nffy,1000,50,189.69786503028803
a9tn75magy8nffy,1000,500,188.72521742794038
a9tn75magy8nffy,1000,750,189.71959432233314
a9tn75magy8nffy,10000,500,186.95173937187724
a9tn75magy8nffy,10000,750,186.48639703145395
a9tn75magy8nffy,10000,1000,186.9464111228225
a9tn75magy8nffy,10000,5000,190.11605229426473
a9tn75magy8nffy,10000,7500,188.63000567067547
rbrzxgywqun5ned,5,1,162.3467780403361
rbrzxgywqun5ned,5,2,169.6254897525419
rbrzxgywqun5ned,5,3,164.2944410609925
rbrzxgywqun5ned,5,4,164.9740966265562
rbrzxgywqun5ned,10,1,165.03091011540798
rbrzxgywqun5ned,10,2,163.40227239228156
rbrzxgywqun5ned,10,3,166.26862760063864
rbrzxgywqun5ned,10,4,167.08855092092995
rbrzxgywqun5ned,10,5,166.94191996173913
rbrzxgywqun5ned,15,1,163.90004518576137
rbrzxgywqun5ned,15,2,166.97038339679912
rbrzxgywqun5ned,15,3,166.42689614516362
rbrzxgywqun5ned,15,4,163.35018153361239
rbrzxgywqun5ned,15,5,169.2988643535077
rbrzxgywqun5ned,15,10,165.44441823000898
rbrzxgywqun5ned,20,1,161.34031081955297
rbrzxgywqun5ned,20,2,161.76147109779765
rbrzxgywqun5ned,20,3,164.4894790027254
rbrzxgywqun5ned,20,4,166.1511472451486
rbrzxgywqun5ned,20,5,165.46563329318724
rbrzxgywqun5ned,20,10,167.39877606046161
rbrzxgywqun5ned,100,5,163.22418397038857
rbrzxgywqun5ned,100,10,158.65239452263347
rbrzxgywqun5ned,100,50,166.8748079335469
rbrzxgywqun5ned,1000,50,159.82889132186511
rbrzxgywqun5ned,1000,500,166.56319958860257
rbrzxgywqun5ned,1000,750,168.74095948676637
rbrzxgywqun5ned,10000,500,160.32438350108552
rbrzxgywqun5ned,10000,750,161.27907410624863
rbrzxgywqun5ned,10000,1000,159.27676384493964
rbrzxgywqun5ned,10000,5000,166.2199017599456
rbrzxgywqun5ned,10000,7500,166.89644183691453
jlbt4al7q4sv0kj,5,1,191.2596677697865
jlbt4al7q4sv0kj,5,2,191.36654442062803
jlbt4al7q4sv0kj,5,3,191.29549349824572
jlbt4al7q4sv0kj,5,4,192.26550560719554
jlbt4al7q4sv0kj,10,1,190.3920071119507
jlbt4al7q4sv0kj,10,2,191.87998172132973
jlbt4al7q4sv0kj,10,3,190.1525677726936
jlbt4al7q4sv0kj,10,4,192.58438988130965
jlbt4al7q4sv0kj,10,5,190.427843712394
jlbt4al7q4sv0kj,15,1,189.97677516221276
jlbt4al7q4sv0kj,15,2,191.57065752887593
jlbt4al7q4sv0kj,15,3,193.80635481880418
jlbt4al7q4sv0kj,15,4,192.699174444525
jlbt4al7q4sv0kj,15,5,194.59897643828856
jlbt4al7q4sv0kj,15,10,193.42887309782333
jlbt4al7q4sv0kj,20,1,191.29121249531912
jlbt4al7q4sv0kj,20,2,191.06214610832942
jlbt4al7q4sv0kj,20,3,190.05350963085368
jlbt4al7q4sv0kj,20,4,192.79709563519904
jlbt4al7q4sv0kj,20,5,191.22705996790486
jlbt4al7q4sv0kj,20,10,193.5777342733759
jlbt4al7q4sv0kj,100,5,190.72401508764244
jlbt4al7q4sv0kj,100,10,191.28087675359524
jlbt4al7q4sv0kj,100,50,192.6568744149692
jlbt4al7q4sv0kj,1000,50,193.7903710363683
jlbt4al7q4sv0kj,1000,500,192.01385282711848
jlbt4al7q4sv0kj,1000,750,191.1242169137749
jlbt4al7q4sv0kj,10000,500,194.00594706866718
jlbt4al7q4sv0kj,10000,750,192.50527693828934
jlbt4al7q4sv0kj,10000,1000,192.55606564699937
jlbt4al7q4sv0kj,10000,5000,192.8537409186884
jlbt4al7q4sv0kj,10000,7500,193.71098330479467
lomhl7jw27e38km,5,1,182.67092153658007
lomhl7jw27e38km,5,2,186.204000359254
lomhl7jw27e38km,5,3,186.77196418416108
lomhl7jw27e38km,5,4,185.98708822518802
lomhl7jw27e38km,10,1,185.54530574345523
lomhl7jw27e38km,10,2,189.11742721225284
lomhl7jw27e38km,10,3,190.32157839317597
lomhl7jw27e38km,10,4,186.60250086128738
lomhl7jw27e38km,10,5,190.3209785805021
lomhl7jw27e38km,15,1,184.2304637874536
lomhl7jw27e38km,15,2,185.95334989436176
lomhl7jw27e38km,15,3,187.94553795623085
lomhl7jw27e38km,15,4,187.5936888910077
lomhl7jw27e38km,15,5,188.86060607694893
lomhl7jw27e38km,15,10,187.09682894042038
lomhl7jw27e38km,20,1,183.85685446059313
lomhl7jw27e38km,20,2,186.97594631248717
lomhl7jw27e38km,20,3,189.3534430546113
lomhl7jw27e38km,20,4,189.94664433052137
lomhl7jw27e38km,20,5,187.25979262632322
lomhl7jw27e38km,20,10,187.73586061332207
lomhl7jw27e38km,100,5,182.48939061474687
lomhl7jw27e38km,100,10,187.6533836442634
lomhl7jw27e38km,100,50,188.3896150770308
lomhl7jw27e38km,1000,50,182.27903134214628
lomhl7jw27e38km,1000,500,187.4945164518586
lomhl7jw27e38km,1000,750,186.42095986349307
lomhl7jw27e38km,10000,500,183.3064334885214
lomhl7jw27e38km,10000,750,183.8764868537537
lomhl7jw27e38km,10000,1000,182.68692920832495
lomhl7jw27e38km,10000,5000,188.58296295323146
lomhl7jw27e38km,10000,7500,187.10557239322046
jtdzsxkh2scccvw,5,1,185.08645527274365
jtdzsxkh2scccvw,5,2,182.64957549887342
jtdzsxkh2scccvw,5,3,184.40554031651644
jtdzsxkh2scccvw,5,4,184.02368784797005
jtdzsxkh2scccvw,10,1,182.54615680021283
jtdzsxkh2scccvw,10,2,182.69579266690837
jtdzsxkh2scccvw,10,3,181.92785929273379
jtdzsxkh2scccvw,10,4,182.35374309538102
jtdzsxkh2scccvw,10,5,185.12407135479953
jtdzsxkh2scccvw,15,1,182.9061418326575
jtdzsxkh2scccvw,15,2,182.16981024404242
jtdzsxkh2scccvw,15,3,184.47111708360848
jtdzsxkh2scccvw,15,4,182.4157410744723
jtdzsxkh2scccvw,15,5,182.40557506870582
jtdzsxkh2scccvw,15,10,183.38890598801072
jtdzsxkh2scccvw,20,1,181.88820233109502
jtdzsxkh2scccvw,20,2,181.40974649561028
jtdzsxkh2scccvw,20,3,181.27255014333574
jtdzsxkh2scccvw,20,4,181.20529513021765
jtdzsxkh2scccvw,20,5,181.55471888564398
jtdzsxkh2scccvw,20,10,183.57070520624404
jtdzsxkh2scccvw,100,5,183.42576650588276
jtdzsxkh2scccvw,100,10,185.56445473327452
jtdzsxkh2scccvw,100,50,183.1822740548262
jtdzsxkh2scccvw,1000,50,184.17721099419208
jtdzsxkh2scccvw,1000,500,184.4312837141557
jtdzsxkh2scccvw,1000,750,185.0053302207672
jtdzsxkh2scccvw,10000,500,185.074510169647
jtdzsxkh2scccvw,10000,750,185.20566647012967
jtdzsxkh2scccvw,10000,1000,184.7814152738429
jtdzsxkh2scccvw,10000,5000,183.3507762595452
jtdzsxkh2scccvw,10000,7500,183.33558598442173
y0g9hknjyys0m49,5,1,185.49253040250875
y0g9hknjyys0m49,5,2,183.08165556151317
y0g9hknjyys0m49,5,3,183.87952693845767
y0g9hknjyys0m49,5,4,183.55150655818088
y0g9hknjyys0m49,10,1,183.99267181592435
y0g9hknjyys0m49,10,2,185.29065813062957
y0g9hknjyys0m49,10,3,181.52378605406057
y0g9hknjyys0m49,10,4,182.99207345488313
y0g9hknjyys0m49,10,5,184.09794044947105
y0g9hknjyys0m49,15,1,183.3072364743874
y0g9hknjyys0m49,15,2,184.34229687160726
y0g9hknjyys0m49,15,3,183.8642417151058
y0g9hknjyys0m49,15,4,184.72033360012867
y0g9hknjyys0m49,15,5,186.96859595780944
y0g9hknjyys0m49,15,10,185.02533712546645
y0g9hknjyys0m49,20,1,183.7948298672248
y0g9hknjyys0m49,20,2,185.02949957552195
y0g9hknjyys0m49,20,3,184.32304157952393
y0g9hknjyys0m49,20,4,187.80055970458235
y0g9hknjyys0m49,20,5,187.70891047742106
y0g9hknjyys0m49,20,10,186.2108916543002
y0g9hknjyys0m49,100,5,182.8509566238736
y0g9hknjyys0m49,100,10,185.93058373260374
y0g9hknjyys0m49,100,50,188.7166804533928
y0g9hknjyys0m49,1000,50,185.053140298939
y0g9hknjyys0m49,1000,500,188.95231578607093
y0g9hknjyys0m49,1000,750,190.34062811024617
y0g9hknjyys0m49,10000,500,183.67875889258906
y0g9hknjyys0m49,10000,750,183.71544968144602
y0g9hknjyys0m49,10000,1000,182.7027610337583
y0g9hknjyys0m49,10000,5000,190.1664289997695
y0g9hknjyys0m49,10000,7500,189.19556113468926
uet3pdw7hgm1hea,5,1,158.24851981684512
uet3pdw7hgm1hea,5,2,159.0989635229144
uet3pdw7hgm1hea,5,3,159.27752631628826
uet3pdw7hgm1hea,5,4,159.84801259605013
uet3pdw7hgm1hea,10,1,157.81210344908018
uet3pdw7hgm1hea,10,2,158.18513583216654
uet3pdw7hgm1hea,10,3,157.84211034380337
uet3pdw7hgm1hea,10,4,158.40055752485273
uet3pdw7hgm1hea,10,5,156.84382871074445
uet3pdw7hgm1hea,15,1,157.32381963123854
uet3pdw7hgm1hea,15,2,156.4136954962013
uet3pdw7hgm1hea,15,3,157.61192798760453
uet3pdw7hgm1hea,15,4,157.62174920249615
uet3pdw7hgm1hea,15,5,158.9597106210364
uet3pdw7hgm1hea,15,10,159.2603027899135
uet3pdw7hgm1hea,20,1,156.95866741065421
uet3pdw7hgm1hea,20,2,158.99222943941277
uet3pdw7hgm1hea,20,3,158.00747568807773
uet3pdw7hgm1hea,20,4,157.8929019715645
uet3pdw7hgm1hea,20,5,158.15509244458877
uet3pdw7hgm1hea,20,10,158.52938215414318
uet3pdw7hgm1hea,100,5,158.17184977495765
uet3pdw7hgm1hea,100,10,159.42182027184805
uet3pdw7hgm1hea,100,50,158.37915752181155
uet3pdw7hgm1hea,1000,50,158.0454305759803
uet3pdw7hgm1hea,1000,500,159.3063980544852
uet3pdw7hgm1hea,1000,750,157.33066693952333
uet3pdw7hgm1hea,10000,500,158.0702775279603
uet3pdw7hgm1hea,10000,750,158.75175987068857
uet3pdw7hgm1hea,10000,1000,158.70352049572884
uet3pdw7hgm1hea,10000,5000,160.4197538453837
uet3pdw7hgm1hea,10000,7500,159.87144665516755
2het2jcuqxrh16x,5,1,195.31777470048735
2het2jcuqxrh16x,5,2,194.3291729399399
2het2jcuqxrh16x,5,3,195.47988873803843
2het2jcuqxrh16x,5,4,198.16381300206828
2het2jcuqxrh16x,10,1,194.4151767449778
2het2jcuqxrh16x,10,2,197.7673827989936
2het2jcuqxrh16x,10,3,195.938379563619
2het2jcuqxrh16x,10,4,196.88963680797562
2het2jcuqxrh16x,10,5,198.72999861129054
2het2jcuqxrh16x,15,1,193.356515115286
2het2jcuqxrh16x,15,2,194.98150855294278
2het2jcuqxrh16x,15,3,196.91059430145341
2het2jcuqxrh16x,15,4,196.87560012421534
2het2jcuqxrh16x,15,5,195.90551551059863
2het2jcuqxrh16x,15,10,197.86596481476565
2het2jcuqxrh16x,20,1,193.1077019514774
2het2jcuqxrh16x,20,2,195.6885794115774
2het2jcuqxrh16x,20,3,196.46417070752625
2het2jcuqxrh16x,20,4,197.40052685188888
2het2jcuqxrh16x,20,5,195.5306153911536
2het2jcuqxrh16x,20,10,193.13422859484473
2het2jcuqxrh16x,100,5,192.79297830528327
2het2jcuqxrh16x,100,10,196.43409038158885
2het2jcuqxrh16x,100,50,196.08708495602397
2het2jcuqxrh16x,1000,50,194.16985453891428
2het2jcuqxrh16x,1000,500,196.67085279828675
2het2jcuqxrh16x,1000,750,194.71815616700212
2het2jcuqxrh16x,10000,500,195.05728240556095
2het2jcuqxrh16x,10000,750,195.56227326159848
2het2jcuqxrh16x,10000,1000,194.77673864177092
2het2jcuqxrh16x,10000,5000,197.38634295602472
2het2jcuqxrh16x,10000,7500,194.32773602456885
pqo0sdtzqqhkq76,5,1,147.57570540531412
pqo0sdtzqqhkq76,5,2,146.41465992461846
pqo0sdtzqqhkq76,5,3,151.34081830022285
pqo0sdtzqqhkq76,5,4,149.05491261696045
pqo0sdtzqqhkq76,10,1,148.07847417062533
pqo0sdtzqqhkq76,10,2,148.0300282680684
pqo0sdtzqqhkq76,10,3,152.41454207622658
pqo0sdtzqqhkq76,10,4,149.8264655113744
pqo0sdtzqqhkq76,10,5,150.70598697338158
pqo0sdtzqqhkq76,15,1,148.1379502067426
pqo0sdtzqqhkq76,15,2,148.93277710627353
pqo0sdtzqqhkq76,15,3,150.88398289193051
pqo0sdtzqqhkq76,15,4,149.6357008565598
pqo0sdtzqqhkq76,15,5,151.22537161213202
pqo0sdtzqqhkq76,15,10,151.28993855939842
pqo0sdtzqqhkq76,20,1,146.72164150967438
pqo0sdtzqqhkq76,20,2,146.3399801873277
pqo0sdtzqqhkq76,20,3,148.0252227336089
pqo0sdtzqqhkq76,20,4,148.63221434613303
pqo0sdtzqqhkq76,20,5,151.8653111113304
pqo0sdtzqqhkq76,20,10,150.8279521954277
pqo0sdtzqqhkq76,100,5,145.94237121534152
pqo0sdtzqqhkq76,100,10,146.65911976560122
pqo0sdtzqqhkq76,100,50,151.23351404741692
pqo0sdtzqqhkq76,1000,50,148.357702477442
pqo0sdtzqqhkq76,1000,500,154.03901104258725
pqo0sdtzqqhkq76,1000,750,150.9738924391418
pqo0sdtzqqhkq76,10000,500,147.91859874613255
pqo0sdtzqqhkq76,10000,750,148.40230447185917
pqo0sdtzqqhkq76,10000,1000,147.56304568379912
pqo0sdtzqqhkq76,10000,5000,150.0495321471311
pqo0sdtzqqhkq76,10000,7500,151.58037944604672
g63luoo50ve7yyn,5,1,177.75329175313084
g63luoo50ve7yyn,5,2,179.56279928435362
g63luoo50ve7yyn,5,3,182.9577190319615
g63luoo50ve7yyn,5,4,181.53866887086156
g63luoo50ve7yyn,10,1,177.67001842059918
g63luoo50ve7yyn,10,2,176.45229563109373
g63luoo50ve7yyn,10,3,176.68734332598007
g63luoo50ve7yyn,10,4,178.24879299880635
g63luoo50ve7yyn,10,5,177.41241132388407
g63luoo50ve7yyn,15,1,177.82601442250728
g63luoo50ve7yyn,15,2,181.60750657513967
g63luoo50ve7yyn,15,3,178.2793552107863
g63luoo50ve7yyn,15,4,179.23087655185898
g63luoo50ve7yyn,15,5,179.25771440180282
g63luoo50ve7yyn,15,10,181.3348464152959
g63luoo50ve7yyn,20,1,178.7791809088142
g63luoo50ve7yyn,20,2,177.89764868356323
g63luoo50ve7yyn,20,3,178.18764991471252
g63luoo50ve7yyn,20,4,178.26483230652966
g63luoo50ve7yyn,20,5,179.0735299854254
g63luoo50ve7yyn,20,10,177.75271561224642
g63luoo50ve7yyn,100,5,178.4027454252228
g63luoo50ve7yyn,100,10,178.60563107414032
g63luoo50ve7yyn,100,50,181.52149536298725
g63luoo50ve7yyn,1000,50,177.15312645663104
g63luoo50ve7yyn,1000,500,180.45373170051477
g63luoo50ve7yyn,1000,750,181.3087238171553
g63luoo50ve7yyn,10000,500,178.0631582222711
g63luoo50ve7yyn,10000,750,178.68182131084382
g63luoo50ve7yyn,10000,1000,179.19723736514658
g63luoo50ve7yyn,10000,5000,183.76777786195467
g63luoo50ve7yyn,10000,7500,180.48498902676087
5vuexcfs8r2v26t,5,1,188.39036661512188
5vuexcfs8r2v26t,5,2,188.17831094989236
5vuexcfs8r2v26t,5,3,187.6005666895914
5vuexcfs8r2v26t,5,4,188.3937640852013
5vuexcfs8r2v26t,10,1,187.41526557128503
5vuexcfs8r2v26t,10,2,188.9543362213739
5vuexcfs8r2v26t,10,3,189.2854978706787
5vuexcfs8r2v26t,10,4,189.86351384064167
5vuexcfs8r2v26t,10,5,189.9506397301146
5vuexcfs8r2v26t,15,1,186.81036180947117
5vuexcfs8r2v26t,15,2,187.8935095129978
5vuexcfs8r2v26t,15,3,188.6771094605607
5vuexcfs8r2v26t,15,4,189.3606252686922
5vuexcfs8r2v26t,15,5,190.14079806773844
5vuexcfs8r2v26t,15,10,189.72928398427527
5vuexcfs8r2v26t,20,1,184.451940302079
5vuexcfs8r2v26t,20,2,186.14910176961143
5vuexcfs8r2v26t,20,3,185.4140313222867
5vuexcfs8r2v26t,20,4,188.95718498332144
5vuexcfs8r2v26t,20,5,188.34617107962396
5vuexcfs8r2v26t,20,10,191.19531593838948
5vuexcfs8r2v26t,100,5,186.45441593022278
5vuexcfs8r2v26t,100,10,187.1096841888723
5vuexcfs8r2v26t,100,50,188.35241848969724
5vuexcfs8r2v26t,1000,50,188.0518258627744
5vuexcfs8r2v26t,1000,500,193.88582915827718
5vuexcfs8r2v26t,1000,750,191.30984718817
5vuexcfs8r2v26t,10000,500,189.12753082728767
5vuexcfs8r2v26t,10000,750,186.89344526555792
5vuexcfs8r2v26t,10000,1000,189.50203619103434
5vuexcfs8r2v26t,10000,5000,191.4707526906846
5vuexcfs8r2v26t,10000,7500,192.7255172698808
us6grs84gamvlyg,5,1,111.3854110098331
us6grs84gamvlyg,5,2,112.28927304516942
us6grs84gamvlyg,5,3,110.36352307042573
us6grs84gamvlyg,5,4,111.43885878940931
us6grs84gamvlyg,10,1,111.10803107029291
us6grs84gamvlyg,10,2,111.25931815769992
us6grs84gamvlyg,10,3,111.12481050561699
us6grs84gamvlyg,10,4,113.62481199155793
us6grs84gamvlyg,10,5,112.1817508663293
us6grs84gamvlyg,15,1,110.54560356842593
us6grs84gamvlyg,15,2,111.12243226347262
us6grs84gamvlyg,15,3,110.80481086495423
us6grs84gamvlyg,15,4,111.6662313955354
us6grs84gamvlyg,15,5,111.22854123320992
us6grs84gamvlyg,15,10,111.30615650253064
us6grs84gamvlyg,20,1,110.55813047412231
us6grs84gamvlyg,20,2,110.93080252174268
us6grs84gamvlyg,20,3,110.66676194614436
us6grs84gamvlyg,20,4,112.32753117611253
us6grs84gamvlyg,20,5,110.94856258253755
us6grs84gamvlyg,20,10,111.12342330422935
us6grs84gamvlyg,100,5,110.9868565735697
us6grs84gamvlyg,100,10,111.91187499806117
us6grs84gamvlyg,100,50,110.83549329849993
us6grs84gamvlyg,1000,50,112.28445202053362
us6grs84gamvlyg,1000,500,111.60574596667246
us6grs84gamvlyg,1000,750,111.95330023413332
us6grs84gamvlyg,10000,500,112.29186365639531
us6grs84gamvlyg,10000,750,112.42931938837859
us6grs84gamvlyg,10000,1000,112.31395307456877
us6grs84gamvlyg,10000,5000,110.10704696978452
us6grs84gamvlyg,10000,7500,110.23683237595635
fb8xdh3czx77hyn,5,1,161.2065479516832
fb8xdh3czx77hyn,5,2,156.99397117714537
fb8xdh3czx77hyn,5,3,160.82567816406538
fb8xdh3czx77hyn,5,4,162.95928548013606
fb8xdh3czx77hyn,10,1,154.21155079559298
fb8xdh3czx77hyn,10,2,155.52653751195797
fb8xdh3czx77hyn,10,3,156.43553964807583
fb8xdh3czx77hyn,10,4,157.98594824109745
fb8xdh3czx77hyn,10,5,159.81340970995856
fb8xdh3czx77hyn,15,1,156.90114305694505
fb8xdh3czx77hyn,15,2,159.5270607296896
fb8xdh3czx77hyn,15,3,160.002980047849
fb8xdh3czx77hyn,15,4,161.0784956624262
fb8xdh3czx77hyn,15,5,159.2468006515114
fb8xdh3czx77hyn,15,10,162.0392433226971
fb8xdh3czx77hyn,20,1,155.13439510426292
fb8xdh3czx77hyn,20,2,159.9099406590475
fb8xdh3czx77hyn,20,3,158.78668362772422
fb8xdh3czx77hyn,20,4,161.48258805068724
fb8xdh3czx77hyn,20,5,158.29652321052697
fb8xdh3czx77hyn,20,10,158.70134296254594
fb8xdh3czx77hyn,100,5,153.922302438733
fb8xdh3czx77hyn,100,10,157.66043679345105
fb8xdh3czx77hyn,100,50,159.03087427199995
fb8xdh3czx77hyn,1000,50,154.53849888277574
fb8xdh3czx77hyn,1000,500,157.9981023940753
fb8xdh3czx77hyn,1000,750,159.40675937936163
fb8xdh3czx77hyn,10000,500,154.08945845900914
fb8xdh3czx77hyn,10000,750,155.1744930085244
fb8xdh3czx77hyn,10000,1000,155.23683402690486
fb8xdh3czx77hyn,10000,5000,159.10251823350242
fb8xdh3czx77hyn,10000,7500,159.6986853602054
rahonpod5yv68g4,5,1,126.56206094027803
rahonpod5yv68g4,5,2,127.7371752020092
rahonpod5yv68g4,5,3,127.15142550609698
rahonpod5yv68g4,5,4,125.55930632360858
rahonpod5yv68g4,10,1,126.93566916586335
rahonpod5yv68g4,10,2,126.7159292202435
rahonpod5yv68g4,10,3,126.65957229574376
rahonpod5yv68g4,10,4,127.05406289412859
rahonpod5yv68g4,10,5,126.96166728652956
rahonpod5yv68g4,15,1,125.65944655462152
rahonpod5yv68g4,15,2,125.94182437388386
rahonpod5yv68g4,15,3,126.42881319685176
rahonpod5yv68g4,15,4,127.10287967555189
rahonpod5yv68g4,15,5,125.71807703001367
rahonpod5yv68g4,15,10,127.08142356584585
rahonpod5yv68g4,20,1,125.448383762129
rahonpod5yv68g4,20,2,126.27476166574127
rahonpod5yv68g4,20,3,126.6416690731121
rahonpod5yv68g4,20,4,126.40678549828795
rahonpod5yv68g4,20,5,127.11583008710812
rahonpod5yv68g4,20,10,126.99499268523707
rahonpod5yv68g4,100,5,125.57259156689554
rahonpod5yv68g4,100,10,126.61813755957262
rahonpod5yv68g4,100,50,127.35410355612571
rahonpod5yv68g4,1000,50,125.48617097484855
rahonpod5yv68g4,1000,500,125.89680972921187
rahonpod5yv68g4,1000,750,129.66595931280267
rahonpod5yv68g4,10000,500,125.41141195443672
rahonpod5yv68g4,10000,750,125.34571937257756
rahonpod5yv68g4,10000,1000,126.30361073859694
rahonpod5yv68g4,10000,5000,127.7154745603809
rahonpod5yv68g4,10000,7500,127.70186437897391
dba0gupfpezprom,5,1,175.42240752995585
dba0gupfpezprom,5,2,174.91671447947715
dba0gupfpezprom,5,3,176.7685529912202
dba0gupfpezprom,5,4,177.85631963828232
dba0gupfpezprom,10,1,179.52007507735863
dba0gupfpezprom,10,2,179.32260209577584
dba0gupfpezprom,10,3,178.90705152060272
dba0gupfpezprom,10,4,179.59927127088062
dba0gupfpezprom,10,5,178.5215097785495
dba0gupfpezprom,15,1,175.5516508026565
dba0gupfpezprom,15,2,178.15974802609978
dba0gupfpezprom,15,3,176.9211350648456
dba0gupfpezprom,15,4,177.6996550522276
dba0gupfpezprom,15,5,179.93497479364555
dba0gupfpezprom,15,10,178.13196496670983
dba0gupfpezprom,20,1,175.52169444472491
dba0gupfpezprom,20,2,176.6002321686026
dba0gupfpezprom,20,3,176.5114691621977
dba0gupfpezprom,20,4,178.72904246543158
dba0gupfpezprom,20,5,177.45743212186895
dba0gupfpezprom,20,10,177.41267507422194
dba0gupfpezprom,100,5,175.66147875944
dba0gupfpezprom,100,10,176.6740223099739
dba0gupfpezprom,100,50,176.76680582681257
dba0gupfpezprom,1000,50,174.95214278299488
dba0gupfpezprom,1000,500,177.710297964349
dba0gupfpezprom,1000,750,179.05721762148127
dba0gupfpezprom,10000,500,176.19100198378436
dba0gupfpezprom,10000,750,175.5377718930667
dba0gupfpezprom,10000,1000,176.85209682804347
dba0gupfpezprom,10000,5000,177.4282843334694
dba0gupfpezprom,10000,7500,180.13426315083865
4z5220nwml6k16r,5,1,178.44418339571106
4z5220nwml6k16r,5,2,182.400012449225
4z5220nwml6k16r,5,3,182.69262721805083
4z5220nwml6k16r,5,4,182.45104013407126
4z5220nwml6k16r,10,1,179.27882101336516
4z5220nwml6k16r,10,2,180.12062798948017
4z5220nwml6k16r,10,3,179.2078964279816
4z5220nwml6k16r,10,4,180.33825336720656
4z5220nwml6k16r,10,5,181.12024653180026
4z5220nwml6k16r,15,1,180.94811476974343
4z5220nwml6k16r,15,2,182.49485479506492
4z5220nwml6k16r,15,3,179.29572521061831
4z5220nwml6k16r,15,4,184.88601384738652
4z5220nwml6k16r,15,5,184.3521720242774
4z5220nwml6k16r,15,10,186.20636860192883
4z5220nwml6k16r,20,1,178.95742140505507
4z5220nwml6k16r,20,2,181.06876705940303
4z5220nwml6k16r,20,3,183.38795135060408
4z5220nwml6k16r,20,4,184.999318798855
4z5220nwml6k16r,20,5,183.6503195616529
4z5220nwml6k16r,20,10,181.03136395840733
4z5220nwml6k16r,100,5,180.11599120056397
4z5220nwml6k16r,100,10,179.41766966863972
4z5220nwml6k16r,100,50,179.2265163012594
4z5220nwml6k16r,1000,50,179.0201865609449
4z5220nwml6k16r,1000,500,178.98789576865482
4z5220nwml6k16r,1000,750,177.856543931578
4z5220nwml6k16r,10000,500,181.14768884826975
4z5220nwml6k16r,10000,750,181.2611718978752
4z5220nwml6k16r,10000,1000,181.27417488083466
4z5220nwml6k16r,10000,5000,179.8887534265102
4z5220nwml6k16r,10000,7500,179.9284686070646
ylraknlb7m2m4j8,5,1,188.88693381463483
ylraknlb7m2m4j8,5,2,189.90636634067315
ylraknlb7m2m4j8,5,3,192.70774864961842
ylraknlb7m2m4j8,5,4,192.31511387557666
ylraknlb7m2m4j8,10,1,194.11175704819303
ylraknlb7m2m4j8,10,2,196.76643277740618
ylraknlb7m2m4j8,10,3,193.0411971680252
ylraknlb7m2m4j8,10,4,191.71011559475582
ylraknlb7m2m4j8,10,5,192.74141092510976
ylraknlb7m2m4j8,15,1,196.23917907296996
ylraknlb7m2m4j8,15,2,193.399145912552
ylraknlb7m2m4j8,15,3,194.03808215322084
ylraknlb7m2m4j8,15,4,195.62536020708035
ylraknlb7m2m4j8,15,5,196.01576027336324
ylraknlb7m2m4j8,15,10,196.80537997068356
ylraknlb7m2m4j8,20,1,191.20787158737835
ylraknlb7m2m4j8,20,2,193.3388228530826
ylraknlb7m2m4j8,20,3,195.67473587761745
ylraknlb7m2m4j8,20,4,194.16968049044456
ylraknlb7m2m4j8,20,5,194.58845286818672
ylraknlb7m2m4j8,20,10,197.52994786439447
ylraknlb7m2m4j8,100,5,193.46637450182916
ylraknlb7m2m4j8,100,10,195.2537270886397
ylraknlb7m2m4j8,100,50,192.02016274883158
ylraknlb7m2m4j8,1000,50,194.50737945592823
ylraknlb7m2m4j8,1000,500,195.00378987979823
ylraknlb7m2m4j8,1000,750,193.699506596256
ylraknlb7m2m4j8,10000,500,192.23690995271386
ylraknlb7m2m4j8,10000,750,192.1951435535174
ylraknlb7m2m4j8,10000,1000,193.69391095469035
ylraknlb7m2m4j8,10000,5000,195.95465420107513
ylraknlb7m2m4j8,10000,7500,193.5105388109559
ygop6p10kgt4a4w,5,1,169.72762813941887
ygop6p10kgt4a4w,5,2,170.32853013051835
ygop6p10kgt4a4w,5,3,170.48741401307592
ygop6p10kgt4a4w,5,4,168.37492845518992
ygop6p10kgt4a4w,10,1,170.87336052885112
ygop6p10kgt4a4w,10,2,169.3041534930736
ygop6p10kgt4a4w,10,3,168.35830328796501
ygop6p10kgt4a4w,10,4,168.33502784737288
ygop6p10kgt4a4w,10,5,168.1110269845149
ygop6p10kgt4a4w,15,1,168.43119822920204
ygop6p10kgt4a4w,15,2,167.1932634403397
ygop6p10kgt4a4w,15,3,167.8978780803638
ygop6p10kgt4a4w,15,4,168.52006550805072
ygop6p10kgt4a4w,15,5,169.93905895309612
ygop6p10kgt4a4w,15,10,170.6816418355099
ygop6p10kgt4a4w,20,1,169.24300376530812
ygop6p10kgt4a4w,20,2,170.3688577533967
ygop6p10kgt4a4w,20,3,170.93093509507543
ygop6p10kgt4a4w,20,4,169.23371552275455
ygop6p10kgt4a4w,20,5,170.1073893592959
ygop6p10kgt4a4w,20,10,168.84714387895738
ygop6p10kgt4a4w,100,5,171.27541599778382
ygop6p10kgt4a4w,100,10,170.05938747519085
ygop6p10kgt4a4w,100,50,169.7347588488597
ygop6p10kgt4a4w,1000,50,170.24548079912898
ygop6p10kgt4a4w,1000,500,171.57147072512225
ygop6p10kgt4a4w,1000,750,172.3177655391686
ygop6p10kgt4a4w,10000,500,169.73054386939754
ygop6p10kgt4a4w,10000,750,171.334893200424
ygop6p10kgt4a4w,10000,1000,172.58988051179676
ygop6p10kgt4a4w,10000,5000,171.10299322855127
ygop6p10kgt4a4w,10000,7500,173.32492299888406
anajk6su5f9k9yb,5,1,185.02049277799387
anajk6su5f9k9yb,5,2,190.8174735650879
anajk6su5f9k9yb,5,3,189.17476094832878
anajk6su5f9k9yb,5,4,188.1219030530133
anajk6su5f9k9yb,10,1,185.83770469376688
anajk6su5f9k9yb,10,2,187.36736509976325
anajk6su5f9k9yb,10,3,185.445280200639
anajk6su5f9k9yb,10,4,185.77143469116072
anajk6su5f9k9yb,10,5,187.94151126368064
anajk6su5f9k9yb,15,1,186.79620240831335
anajk6su5f9k9yb,15,2,186.36751784625284
anajk6su5f9k9yb,15,3,187.84304197339333
anajk6su5f9k9yb,15,4,188.41635764501942
anajk6su5f9k9yb,15,5,187.3045045871942
anajk6su5f9k9yb,15,10,188.48046698111486
anajk6su5f9k9yb,20,1,184.22338764933056
anajk6su5f9k9yb,20,2,185.55823833362726
anajk6su5f9k9yb,20,3,186.24472734067314
anajk6su5f9k9yb,20,4,185.5429791099791
anajk6su5f9k9yb,20,5,184.2364657997896
anajk6su5f9k9yb,20,10,193.45315943967
anajk6su5f9k9yb,100,5,186.80584202050804
anajk6su5f9k9yb,100,10,186.05060346242487
anajk6su5f9k9yb,100,50,190.53973878754982
anajk6su5f9k9yb,1000,50,185.26459340030604
anajk6su5f9k9yb,1000,500,193.50760106375301
anajk6su5f9k9yb,1000,750,191.96658633828272
anajk6su5f9k9yb,10000,500,185.49782543197122
anajk6su5f9k9yb,10000,750,186.0665543026261
anajk6su5f9k9yb,10000,1000,188.1212479436778
anajk6su5f9k9yb,10000,5000,192.9651764765132
anajk6su5f9k9yb,10000,7500,192.47530194696654
qcurxvucaexqxs8,5,1,191.81843660059033
qcurxvucaexqxs8,5,2,195.12351909568554
qcurxvucaexqxs8,5,3,195.35672958216486
qcurxvucaexqxs8,5,4,191.8645962275094
qcurxvucaexqxs8,10,1,188.51168819447062
qcurxvucaexqxs8,10,2,191.33291667318514
qcurxvucaexqxs8,10,3,190.0215141667787
qcurxvucaexqxs8,10,4,192.46788935507948
qcurxvucaexqxs8,10,5,193.30093815560534
qcurxvucaexqxs8,15,1,187.68807729562326
qcurxvucaexqxs8,15,2,191.36881689432383
qcurxvucaexqxs8,15,3,192.9235919205799
qcurxvucaexqxs8,15,4,195.4285878892346
qcurxvucaexqxs8,15,5,194.28404622679267
qcurxvucaexqxs8,15,10,192.93543505135244
qcurxvucaexqxs8,20,1,192.59829092509324
qcurxvucaexqxs8,20,2,193.59570949536058
qcurxvucaexqxs8,20,3,193.54352058010508
qcurxvucaexqxs8,20,4,195.0933929603901
qcurxvucaexqxs8,20,5,195.6971134858044
qcurxvucaexqxs8,20,10,192.5547453303473
qcurxvucaexqxs8,100,5,191.338369648904
qcurxvucaexqxs8,100,10,193.7607392803028
qcurxvucaexqxs8,100,50,193.96648513307576
qcurxvucaexqxs8,1000,50,191.7787234739959
qcurxvucaexqxs8,1000,500,195.63681108506586
qcurxvucaexqxs8,1000,750,198.8128855940648
qcurxvucaexqxs8,10000,500,191.84915409675068
qcurxvucaexqxs8,10000,750,192.90509478305498
qcurxvucaexqxs8,10000,1000,193.86633985559558
qcurxvucaexqxs8,10000,5000,196.9580974938017
qcurxvucaexqxs8,10000,7500,193.4970956985858
bvoobt12gur23nj,5,1,180.66001838613676
bvoobt12gur23nj,5,2,179.47302394921402
bvoobt12gur23nj,5,3,176.08920927466613
bvoobt12gur23nj,5,4,177.71202427341993
bvoobt12gur23nj,10,1,179.4930288284225
bvoobt12gur23nj,10,2,180.01730739732602
bvoobt12gur23nj,10,3,180.13842311072287
bvoobt12gur23nj,10,4,181.59588621531697
bvoobt12gur23nj,10,5,182.86150190922564
bvoobt12gur23nj,15,1,178.64785136823892
bvoobt12gur23nj,15,2,179.5321221977518
bvoobt12gur23nj,15,3,179.8029150190724
bvoobt12gur23nj,15,4,181.42461115567494
bvoobt12gur23nj,15,5,180.64648245178108
bvoobt12gur23nj,15,10,179.93876416030437
bvoobt12gur23nj,20,1,177.45205006054792
bvoobt12gur23nj,20,2,178.37703784170037
bvoobt12gur23nj,20,3,182.6634907653547
bvoobt12gur23nj,20,4,180.1273098382622
bvoobt12gur23nj,20,5,178.73027653678946
bvoobt12gur23nj,20,10,182.5213887402831
bvoobt12gur23nj,100,5,177.8671705188425
bvoobt12gur23nj,100,10,181.82008526514537
bvoobt12gur23nj,100,50,180.32182682955755
bvoobt12gur23nj,1000,50,177.9474030733358
bvoobt12gur23nj,1000,500,180.34716609035755
bvoobt12gur23nj,1000,750,181.01380268877568
bvoobt12gur23nj,10000,500,178.81495802723796
bvoobt12gur23nj,10000,750,179.6824121606782
bvoobt12gur23nj,10000,1000,178.27774713683263
bvoobt12gur23nj,10000,5000,181.08887973353717
bvoobt12gur23nj,10000,7500,180.46585193831697
zrk9ubdb0jcwyfh,5,1,151.8646451409604
zrk9ubdb0jcwyfh,5,2,151.64464176520465
zrk9ubdb0jcwyfh,5,3,150.96325504580372
zrk9ubdb0jcwyfh,5,4,154.29548426183365
zrk9ubdb0jcwyfh,10,1,149.69012425977652
zrk9ubdb0jcwyfh,10,2,148.07309006871225
zrk9ubdb0jcwyfh,10,3,153.11816374857798
zrk9ubdb0jcwyfh,10,4,151.3473722310225
zrk9ubdb0jcwyfh,10,5,153.99061492062123
zrk9ubdb0jcwyfh,15,1,147.94321122816606
zrk9ubdb0jcwyfh,15,2,148.4066228506378
zrk9ubdb0jcwyfh,15,3,149.30276027816205
zrk9ubdb0jcwyfh,15,4,155.75679206636053
zrk9ubdb0jcwyfh,15,5,150.87106830990632
zrk9ubdb0jcwyfh,15,10,154.37221622307788
zrk9ubdb0jcwyfh,20,1,149.61489107845443
zrk9ubdb0jcwyfh,20,2,149.79891333916254
zrk9ubdb0jcwyfh,20,3,148.98520345079947
zrk9ubdb0jcwyfh,20,4,152.68059558007275
zrk9ubdb0jcwyfh,20,5,152.63419432321018
zrk9ubdb0jcwyfh,20,10,151.78646075439093
zrk9ubdb0jcwyfh,100,5,150.80741315167833
zrk9ubdb0jcwyfh,100,10,153.08645143547292
zrk9ubdb0jcwyfh,100,50,157.24426420276922
zrk9ubdb0jcwyfh,1000,50,149.2481720136635
zrk9ubdb0jcwyfh,1000,500,154.74593714476242
zrk9ubdb0jcwyfh,1000,750,153.2285701939083
zrk9ubdb0jcwyfh,10000,500,150.49848694703599
zrk9ubdb0jcwyfh,10000,750,151.76211713261534
zrk9ubdb0jcwyfh,10000,1000,152.45204634468493
zrk9ubdb0jcwyfh,10000,5000,155.97314218327966
zrk9ubdb0jcwyfh,10000,7500,153.55477366072336
je9la01s4txjkw5,5,1,146.24623300114064
je9la01s4txjkw5,5,2,139.48512397655912
je9la01s4txjkw5,5,3,145.11229576222652
je9la01s4txjkw5,5,4,142.63225367281763
je9la01s4txjkw5,10,1,138.94107444415786
je9la01s4txjkw5,10,2,142.2479666012399
je9la01s4txjkw5,10,3,140.53890144587498
je9la01s4txjkw5,10,4,142.31639150934666
je9la01s4txjkw5,10,5,144.46485750586794
je9la01s4txjkw5,15,1,139.0593722142947
je9la01s4txjkw5,15,2,141.8489267992672
je9la01s4txjkw5,15,3,141.1262780742509
je9la01s4txjkw5,15,4,142.6859888509921
je9la01s4txjkw5,15,5,139.3703686277513
je9la01s4txjkw5,15,10,143.73138301990454
je9la01s4txjkw5,20,1,139.95259794683483
je9la01s4txjkw5,20,2,141.78402666330666
je9la01s4txjkw5,20,3,141.54546303985532
je9la01s4txjkw5,20,4,141.72797057634529
je9la01s4txjkw5,20,5,142.33864219473352
je9la01s4txjkw5,20,10,143.50632617488955
je9la01s4txjkw5,100,5,138.3869284471291
je9la01s4txjkw5,100,10,139.18224234105222
je9la01s4txjkw5,100,50,144.49291215387595
je9la01s4txjkw5,1000,50,138.570095786952
je9la01s4txjkw5,1000,500,143.74527124459735
je9la01s4txjkw5,1000,750,144.7407682581656
je9la01s4txjkw5,10000,500,139.0523688244833
je9la01s4txjkw5,10000,750,139.03238458438867
je9la01s4txjkw5,10000,1000,139.3236486978298
je9la01s4txjkw5,10000,5000,145.9460991239345
je9la01s4txjkw5,10000,7500,144.343994928746
4w9ejvvn5wn1gp4,5,1,172.80053781780578
4w9ejvvn5wn1gp4,5,2,172.65823601766706
4w9ejvvn5wn1gp4,5,3,173.51543771367616
4w9ejvvn5wn1gp4,5,4,176.73252988001383
4w9ejvvn5wn1gp4,10,1,176.018999267716
4w9ejvvn5wn1gp4,10,2,179.13347930870623
4w9ejvvn5wn1gp4,10,3,175.89384817379536
4w9ejvvn5wn1gp4,10,4,176.99434940199225
4w9ejvvn5wn1gp4,10,5,178.0542174231932
4w9ejvvn5wn1gp4,15,1,171.99386577886455
4w9ejvvn5wn1gp4,15,2,172.5332580240218
4w9ejvvn5wn1gp4,15,3,174.69012717078832
4w9ejvvn5wn1gp4,15,4,175.57347269698096
4w9ejvvn5wn1gp4,15,5,176.47725956440303
4w9ejvvn5wn1gp4,15,10,177.36072556642122
4w9ejvvn5wn1gp4,20,1,175.65207168592477
4w9ejvvn5wn1gp4,20,2,176.10184853877925
4w9ejvvn5wn1gp4,20,3,177.7092308245118
4w9ejvvn5wn1gp4,20,4,178.91594678637492
4w9ejvvn5wn1gp4,20,5,178.77361976796843
4w9ejvvn5wn1gp4,20,10,176.38337024729657
4w9ejvvn5wn1gp4,100,5,175.4393503438105
4w9ejvvn5wn1gp4,100,10,177.81382433313357
4w9ejvvn5wn1gp4,100,50,179.61768843753703
4w9ejvvn5wn1gp4,1000,50,177.22210038954174
4w9ejvvn5wn1gp4,1000,500,179.29089147507648
4w9ejvvn5wn1gp4,1000,750,180.1468385094549
4w9ejvvn5wn1gp4,10000,500,176.23038545141816
4w9ejvvn5wn1gp4,10000,750,176.75568572134418
4w9ejvvn5wn1gp4,10000,1000,177.92357258418664
4w9ejvvn5wn1gp4,10000,5000,180.68170063163052
4w9ejvvn5wn1gp4,10000,7500,180.87018971415208
zybgre563nuk6gb,5,1,201.7168251356501
zybgre563nuk6gb,5,2,202.64374802709818
zybgre563nuk6gb,5,3,203.76160866408313
zybgre563nuk6gb,5,4,203.99778730251657
zybgre563nuk6gb,10,1,203.82896931044206
zybgre563nuk6gb,10,2,203.88863685650577
zybgre563nuk6gb,10,3,205.02829861162024
zybgre563nuk6gb,10,4,204.89664558221256
zybgre563nuk6gb,10,5,203.17778672867757
zybgre563nuk6gb,15,1,204.167988904526
zybgre563nuk6gb,15,2,204.72689966192974
zybgre563nuk6gb,15,3,205.49855029062752
zybgre563nuk6gb,15,4,204.20822797634125
zybgre563nuk6gb,15,5,204.88412935010425
zybgre563nuk6gb,15,10,205.2714492244617
zybgre563nuk6gb,20,1,202.5953524731323
zybgre563nuk6gb,20,2,203.38968487508325
zybgre563nuk6gb,20,3,202.7616286312654
zybgre563nuk6gb,20,4,202.42660040618406
zybgre563nuk6gb,20,5,204.51624736932678
zybgre563nuk6gb,20,10,202.1126555701237
zybgre563nuk6gb,100,5,202.95271949982063
zybgre563nuk6gb,100,10,205.05852041389258
zybgre563nuk6gb,100,50,205.60188632320015
zybgre563nuk6gb,1000,50,203.8408361278517
zybgre563nuk6gb,1000,500,204.56311733451963
zybgre563nuk6gb,1000,750,204.341296662808
zybgre563nuk6gb,10000,500,203.22956540476528
zybgre563nuk6gb,10000,750,203.46548704754346
zybgre563nuk6gb,10000,1000,203.31439394408622
zybgre563nuk6gb,10000,5000,205.46264605049856
zybgre563nuk6gb,10000,7500,204.84173476602692
gcbscmvhn2vt6bq,5,1,182.0700388128927
gcbscmvhn2vt6bq,5,2,182.08057524039017
gcbscmvhn2vt6bq,5,3,180.42486326394288
gcbscmvhn2vt6bq,5,4,181.4157114385117
gcbscmvhn2vt6bq,10,1,181.757614240971
gcbscmvhn2vt6bq,10,2,182.2172818169184
gcbscmvhn2vt6bq,10,3,182.84130981109016
gcbscmvhn2vt6bq,10,4,184.26317047296118
gcbscmvhn2vt6bq,10,5,181.82229462940413
gcbscmvhn2vt6bq,15,1,180.15520026621496
gcbscmvhn2vt6bq,15,2,184.59786974793337
gcbscmvhn2vt6bq,15,3,179.61608229046033
gcbscmvhn2vt6bq,15,4,181.9772316472552
gcbscmvhn2vt6bq,15,5,181.07128119638676
gcbscmvhn2vt6bq,15,10,180.8877016859763
gcbscmvhn2vt6bq,20,1,179.83086747214932
gcbscmvhn2vt6bq,20,2,180.94305133404222
gcbscmvhn2vt6bq,20,3,181.93037158291102
gcbscmvhn2vt6bq,20,4,180.54469124528345
gcbscmvhn2vt6bq,20,5,180.8118866829767
gcbscmvhn2vt6bq,20,10,181.9286229824893
gcbscmvhn2vt6bq,100,5,179.49149398807216
gcbscmvhn2vt6bq,100,10,182.94496967083705
gcbscmvhn2vt6bq,100,50,180.44029593577633
gcbscmvhn2vt6bq,1000,50,180.0543877927329
gcbscmvhn2vt6bq,1000,500,177.50574388580378
gcbscmvhn2vt6bq,1000,750,179.22830394116733
gcbscmvhn2vt6bq,10000,500,180.23439880220434
gcbscmvhn2vt6bq,10000,750,179.92524745743972
gcbscmvhn2vt6bq,10000,1000,179.7916598569543
gcbscmvhn2vt6bq,10000,5000,184.44795075617284
gcbscmvhn2vt6bq,10000,7500,181.7202906272493
qn2bd9kkow9cfv1,5,1,164.82378630572117
qn2bd9kkow9cfv1,5,2,166.5019599090876
qn2bd9kkow9cfv1,5,3,161.66661032938327
qn2bd9kkow9cfv1,5,4,165.01553200016122
qn2bd9kkow9cfv1,10,1,166.89192950886178
qn2bd9kkow9cfv1,10,2,165.89943418395708
qn2bd9kkow9cfv1,10,3,165.37735829441974
qn2bd9kkow9cfv1,10,4,166.23173863176766
qn2bd9kkow9cfv1,10,5,170.15742330441051
qn2bd9kkow9cfv1,15,1,164.97535557259567
qn2bd9kkow9cfv1,15,2,165.59746297242418
qn2bd9kkow9cfv1,15,3,164.04635811998628
qn2bd9kkow9cfv1,15,4,164.94122718515342
qn2bd9kkow9cfv1,15,5,165.3522344022878
qn2bd9kkow9cfv1,15,10,164.97119759736321
qn2bd9kkow9cfv1,20,1,166.80121616534564
qn2bd9kkow9cfv1,20,2,165.7951105209694
qn2bd9kkow9cfv1,20,3,165.14829222869517
qn2bd9kkow9cfv1,20,4,162.8374955373665
qn2bd9kkow9cfv1,20,5,163.28667204466012
qn2bd9kkow9cfv1,20,10,162.45295403425243
qn2bd9kkow9cfv1,100,5,164.25781115685544
qn2bd9kkow9cfv1,100,10,160.34231222506372
qn2bd9kkow9cfv1,100,50,162.51420078567836
qn2bd9kkow9cfv1,1000,50,164.49908287179633
qn2bd9kkow9cfv1,1000,500,161.79867276042668
qn2bd9kkow9cfv1,1000,750,164.31566019946374
qn2bd9kkow9cfv1,10000,500,165.55340899692177
qn2bd9kkow9cfv1,10000,750,166.18651520545347
qn2bd9kkow9cfv1,10000,1000,164.76623890756258
qn2bd9kkow9cfv1,10000,5000,164.86908437926274
qn2bd9kkow9cfv1,10000,7500,164.06374568880514
zjckc3bo5wlwdhf,5,1,186.4180088606499
zjckc3bo5wlwdhf,5,2,184.4099518190236
zjckc3bo5wlwdhf,5,3,188.41906893361673
zjckc3bo5wlwdhf,5,4,188.6613682238312
zjckc3bo5wlwdhf,10,1,186.38362929801227
zjckc3bo5wlwdhf,10,2,186.05233450057185
zjckc3bo5wlwdhf,10,3,185.69942211634003
zjckc3bo5wlwdhf,10,4,186.6636439657523
zjckc3bo5wlwdhf,10,5,186.3671289673667
zjckc3bo5wlwdhf,15,1,187.42731350988768
zjckc3bo5wlwdhf,15,2,186.37890470126484
zjckc3bo5wlwdhf,15,3,187.23375568052364
zjckc3bo5wlwdhf,15,4,186.22307096186157
zjckc3bo5wlwdhf,15,5,187.3822751961479
zjckc3bo5wlwdhf,15,10,184.85843072148134
zjckc3bo5wlwdhf,20,1,187.25872008766123
zjckc3bo5wlwdhf,20,2,186.63765287508588
zjckc3bo5wlwdhf,20,3,188.33781405188864
zjckc3bo5wlwdhf,20,4,185.44265074542628
zjckc3bo5wlwdhf,20,5,182.9513257429657
zjckc3bo5wlwdhf,20,10,186.47720482811633
zjckc3bo5wlwdhf,100,5,190.47905833075072
zjckc3bo5wlwdhf,100,10,191.54361303508193
zjckc3bo5wlwdhf,100,50,187.45966624173525
zjckc3bo5wlwdhf,1000,50,189.3461143924939
zjckc3bo5wlwdhf,1000,500,185.80096744117265
zjckc3bo5wlwdhf,1000,750,187.7683553718198
zjckc3bo5wlwdhf,10000,500,189.00140320988496
zjckc3bo5wlwdhf,10000,750,189.66033607603077
zjckc3bo5wlwdhf,10000,1000,189.87580298129723
zjckc3bo5wlwdhf,10000,5000,187.2228048986833
zjckc3bo5wlwdhf,10000,7500,188.49333458464102
6a0rzgq5xfwq5gb,5,1,170.9723243560757
6a0rzgq5xfwq5gb,5,2,168.23610780609783
6a0rzgq5xfwq5gb,5,3,164.9638440397812
6a0rzgq5xfwq5gb,5,4,163.9941868915936
6a0rzgq5xfwq5gb,10,1,166.4594623486048
6a0rzgq5xfwq5gb,10,2,166.8193908951547
6a0rzgq5xfwq5gb,10,3,164.5181996332723
6a0rzgq5xfwq5gb,10,4,166.92030103817288
6a0rzgq5xfwq5gb,10,5,164.7336854421572
6a0rzgq5xfwq5gb,15,1,169.036567213305
6a0rzgq5xfwq5gb,15,2,169.36440383990688
6a0rzgq5xfwq5gb,15,3,169.8710453532498
6a0rzgq5xfwq5gb,15,4,167.5661373866226
6a0rzgq5xfwq5gb,15,5,168.38545810739782
6a0rzgq5xfwq5gb,15,10,169.6248162537256
6a0rzgq5xfwq5gb,20,1,168.60411706345675
6a0rzgq5xfwq5gb,20,2,170.83995484523368
6a0rzgq5xfwq5gb,20,3,171.13340874269457
6a0rzgq5xfwq5gb,20,4,169.8465762244197
6a0rzgq5xfwq5gb,20,5,169.8548266470168
6a0rzgq5xfwq5gb,20,10,170.56566420711158
6a0rzgq5xfwq5gb,100,5,168.77829490483072
6a0rzgq5xfwq5gb,100,10,170.25344439859458
6a0rzgq5xfwq5gb,100,50,171.72667601620068
6a0rzgq5xfwq5gb,1000,50,166.24721574524028
6a0rzgq5xfwq5gb,1000,500,167.28691824209884
6a0rzgq5xfwq5gb,1000,750,166.4972993666009
6a0rzgq5xfwq5gb,10000,500,167.4388151545508
6a0rzgq5xfwq5gb,10000,750,169.18057811485795
6a0rzgq5xfwq5gb,10000,1000,171.3747986108186
6a0rzgq5xfwq5gb,10000,5000,164.9749906883922
6a0rzgq5xfwq5gb,10000,7500,166.4967622926133
2umoxqltydb26ta,5,1,165.4288420587221
2umoxqltydb26ta,5,2,166.7192414535882
2umoxqltydb26ta,5,3,168.8237547006215
2umoxqltydb26ta,5,4,166.32387783513207
2umoxqltydb26ta,10,1,165.22014462829586
2umoxqltydb26ta,10,2,165.90552490304114
2umoxqltydb26ta,10,3,167.4955723771163
2umoxqltydb26ta,10,4,166.18451919972102
2umoxqltydb26ta,10,5,166.9827802081283
2umoxqltydb26ta,15,1,166.40046600759246
2umoxqltydb26ta,15,2,166.60049588200394
2umoxqltydb26ta,15,3,168.05037329067454
2umoxqltydb26ta,15,4,167.02078176731743
2umoxqltydb26ta,15,5,167.15013423957998
2umoxqltydb26ta,15,10,169.57856694046225
2umoxqltydb26ta,20,1,165.3801323845466
2umoxqltydb26ta,20,2,165.09600699449283
2umoxqltydb26ta,20,3,167.79665959724935
2umoxqltydb26ta,20,4,169.8831865259229
2umoxqltydb26ta,20,5,165.09666823832455
2umoxqltydb26ta,20,10,169.90892668637852
2umoxqltydb26ta,100,5,163.7301207099687
2umoxqltydb26ta,100,10,166.14207293283206
2umoxqltydb26ta,100,50,167.52184343023808
2umoxqltydb26ta,1000,50,163.98884495368475
2umoxqltydb26ta,1000,500,168.38038739201863
2umoxqltydb26ta,1000,750,169.85111453991811
2umoxqltydb26ta,10000,500,163.44644309518617
2umoxqltydb26ta,10000,750,166.44266201850235
2umoxqltydb26ta,10000,1000,165.98178194682055
2umoxqltydb26ta,10000,5000,167.7509573075802
2umoxqltydb26ta,10000,7500,168.9149750376253
krtzqhvu9bkamrg,5,1,209.052402309589
krtzqhvu9bkamrg,5,2,207.9135042644751
krtzqhvu9bkamrg,5,3,211.3709570320832
krtzqhvu9bkamrg,5,4,210.42465217256182
krtzqhvu9bkamrg,10,1,206.0242626845746
krtzqhvu9bkamrg,10,2,205.97330328773768
krtzqhvu9bkamrg,10,3,208.27715585440885
krtzqhvu9bkamrg,10,4,212.401945048589
krtzqhvu9bkamrg,10,5,212.5112508150236
krtzqhvu9bkamrg,15,1,205.3499285669843
krtzqhvu9bkamrg,15,2,207.31422352529242
krtzqhvu9bkamrg,15,3,208.47692619129094
krtzqhvu9bkamrg,15,4,209.71119779315416
krtzqhvu9bkamrg,15,5,206.40629704517534
krtzqhvu9bkamrg,15,10,210.7075264118338
krtzqhvu9bkamrg,20,1,207.22652305091998
krtzqhvu9bkamrg,20,2,209.64143933992145
krtzqhvu9bkamrg,20,3,210.68594177308688
krtzqhvu9bkamrg,20,4,209.15781956406704
krtzqhvu9bkamrg,20,5,208.71130396082464
krtzqhvu9bkamrg,20,10,210.21060375933155
krtzqhvu9bkamrg,100,5,207.47993177945995
krtzqhvu9bkamrg,100,10,208.9104773227806
krtzqhvu9bkamrg,100,50,214.3715464342154
krtzqhvu9bkamrg,1000,50,211.9269522267907
krtzqhvu9bkamrg,1000,500,209.93046828433333
krtzqhvu9bkamrg,1000,750,209.98982008215623
krtzqhvu9bkamrg,10000,500,214.6703263468482
krtzqhvu9bkamrg,10000,750,211.07841793206967
krtzqhvu9bkamrg,10000,1000,212.11545918333874
krtzqhvu9bkamrg,10000,5000,210.21487319827014
krtzqhvu9bkamrg,10000,7500,212.1410507391476
3jubrevqkxk105x,5,1,154.0274428308521
3jubrevqkxk105x,5,2,155.0995553591477
3jubrevqkxk105x,5,3,154.37528523311113
3jubrevqkxk105x,5,4,156.59739001921756
3jubrevqkxk105x,10,1,153.33780176398034
3jubrevqkxk105x,10,2,154.18300518788408
3jubrevqkxk105x,10,3,154.35840541613504
3jubrevqkxk105x,10,4,156.418305416829
3jubrevqkxk105x,10,5,156.07992625082935
3jubrevqkxk105x,15,1,154.67912787709705
3jubrevqkxk105x,15,2,154.64846820577472
3jubrevqkxk105x,15,3,156.84150444688538
3jubrevqkxk105x,15,4,155.2126951440245
3jubrevqkxk105x,15,5,155.86100469988023
3jubrevqkxk105x,15,10,157.44787839330368
3jubrevqkxk105x,20,1,153.42974319990677
3jubrevqkxk105x,20,2,155.32167217523008
3jubrevqkxk105x,20,3,155.98915463572231
3jubrevqkxk105x,20,4,155.47176204423874
3jubrevqkxk105x,20,5,156.63251144211713
3jubrevqkxk105x,20,10,155.4302304475722
3jubrevqkxk105x,100,5,154.40928387226543
3jubrevqkxk105x,100,10,154.05519407368857
3jubrevqkxk105x,100,50,154.4895717572163
3jubrevqkxk105x,1000,50,152.92590021021272
3jubrevqkxk105x,1000,500,157.6954972315433
3jubrevqkxk105x,1000,750,153.6708517407538
3jubrevqkxk105x,10000,500,155.5781773006459
3jubrevqkxk105x,10000,750,154.8065412047441
3jubrevqkxk105x,10000,1000,156.186187511959
3jubrevqkxk105x,10000,5000,154.9517409090233
3jubrevqkxk105x,10000,7500,153.2133957731618
a2pxd76fec08wqv,5,1,195.24975393358753
a2pxd76fec08wqv,5,2,195.9478135812161
a2pxd76fec08wqv,5,3,196.0572064150258
a2pxd76fec08wqv,5,4,192.46628278348928
a2pxd76fec08wqv,10,1,194.66763883000223
a2pxd76fec08wqv,10,2,192.1639466017077
a2pxd76fec08wqv,10,3,195.91425922231556
a2pxd76fec08wqv,10,4,188.93557491972376
a2pxd76fec08wqv,10,5,191.34770537427272
a2pxd76fec08wqv,15,1,189.3821616639673
a2pxd76fec08wqv,15,2,193.15411737317947
a2pxd76fec08wqv,15,3,201.0961024629809
a2pxd76fec08wqv,15,4,197.26567998871937
a2pxd76fec08wqv,15,5,193.78102882889775
a2pxd76fec08wqv,15,10,195.3081963547393
a2pxd76fec08wqv,20,1,189.2957235578495
a2pxd76fec08wqv,20,2,191.08410849272673
a2pxd76fec08wqv,20,3,191.52876530270075
a2pxd76fec08wqv,20,4,194.06281416216314
a2pxd76fec08wqv,20,5,194.54795542521265
a2pxd76fec08wqv,20,10,193.9354188421829
a2pxd76fec08wqv,100,5,187.3707673294143
a2pxd76fec08wqv,100,10,189.2276521879109
a2pxd76fec08wqv,100,50,191.82112261166938
a2pxd76fec08wqv,1000,50,186.528878882358
a2pxd76fec08wqv,1000,500,195.4602480224905
a2pxd76fec08wqv,1000,750,193.75441560831246
a2pxd76fec08wqv,10000,500,189.59649204331086
a2pxd76fec08wqv,10000,750,188.08716929870954
a2pxd76fec08wqv,10000,1000,188.9103395014885
a2pxd76fec08wqv,10000,5000,191.88990336252647
a2pxd76fec08wqv,10000,7500,192.70135156507266
h6qct37mx0ek964,5,1,157.7647416423925
h6qct37mx0ek964,5,2,153.74891577329709
h6qct37mx0ek964,5,3,155.70459227823392
h6qct37mx0ek964,5,4,156.80720611633492
h6qct37mx0ek964,10,1,156.734572102819
h6qct37mx0ek964,10,2,158.29991690575437
h6qct37mx0ek964,10,3,155.5049621348269
h6qct37mx0ek964,10,4,157.38334736035102
h6qct37mx0ek964,10,5,154.7481167736896
h6qct37mx0ek964,15,1,156.50007189719838
h6qct37mx0ek964,15,2,155.12913957019532
h6qct37mx0ek964,15,3,154.41775773513086
h6qct37mx0ek964,15,4,154.13834323453125
h6qct37mx0ek964,15,5,157.75857303291414
h6qct37mx0ek964,15,10,155.7758414751279
h6qct37mx0ek964,20,1,154.14037201974844
h6qct37mx0ek964,20,2,156.23012294978497
h6qct37mx0ek964,20,3,156.45780419037814
h6qct37mx0ek964,20,4,157.15312352970486
h6qct37mx0ek964,20,5,155.70227373063483
h6qct37mx0ek964,20,10,156.80546975400014
h6qct37mx0ek964,100,5,158.97021087806507
h6qct37mx0ek964,100,10,157.02530563074194
h6qct37mx0ek964,100,50,157.4764322668495
h6qct37mx0ek964,1000,50,160.46213264963822
h6qct37mx0ek964,1000,500,158.10288968959435
h6qct37mx0ek964,1000,750,160.1021008617167
h6qct37mx0ek964,10000,500,160.85996926342685
h6qct37mx0ek964,10000,750,161.54366638710553
h6qct37mx0ek964,10000,1000,160.8877002580055
h6qct37mx0ek964,10000,5000,157.1239363833561
h6qct37mx0ek964,10000,7500,159.7858747982591
rtd925uhy78rvmr,5,1,127.98365206326397
rtd925uhy78rvmr,5,2,130.1947090124404
rtd925uhy78rvmr,5,3,126.6746376899809
rtd925uhy78rvmr,5,4,128.39083484544122
rtd925uhy78rvmr,10,1,129.73733536362633
rtd925uhy78rvmr,10,2,124.77032788658828
rtd925uhy78rvmr,10,3,129.61343628381587
rtd925uhy78rvmr,10,4,128.13473508610025
rtd925uhy78rvmr,10,5,127.50913133264963
rtd925uhy78rvmr,15,1,128.8777653345019
rtd925uhy78rvmr,15,2,128.11871156786108
rtd925uhy78rvmr,15,3,130.62877164563236
rtd925uhy78rvmr,15,4,127.39726436323895
rtd925uhy78rvmr,15,5,128.16762413202892
rtd925uhy78rvmr,15,10,127.84945376034423
rtd925uhy78rvmr,20,1,126.25539840478257
rtd925uhy78rvmr,20,2,127.5011750040027
rtd925uhy78rvmr,20,3,125.61261695822733
rtd925uhy78rvmr,20,4,127.077793091807
rtd925uhy78rvmr,20,5,126.28268090245247
rtd925uhy78rvmr,20,10,126.72370866684449
rtd925uhy78rvmr,100,5,127.65233498640444
rtd925uhy78rvmr,100,10,127.69489318414776
rtd925uhy78rvmr,100,50,128.60341825265417
rtd925uhy78rvmr,1000,50,128.81035711094057
rtd925uhy78rvmr,1000,500,128.55042501155123
rtd925uhy78rvmr,1000,750,129.12462174203702
rtd925uhy78rvmr,10000,500,128.24708557884446
rtd925uhy78rvmr,10000,750,127.78899379594523
rtd925uhy78rvmr,10000,1000,128.0479530184461
rtd925uhy78rvmr,10000,5000,124.68189080211778
rtd925uhy78rvmr,10000,7500,125.86250084242651
qbzttsocef3cc2y,5,1,179.52789396808217
qbzttsocef3cc2y,5,2,181.22366011732154
qbzttsocef3cc2y,5,3,181.18494837109003
qbzttsocef3cc2y,5,4,181.58180722279562
qbzttsocef3cc2y,10,1,180.9637697632656
qbzttsocef3cc2y,10,2,180.46703012145142
qbzttsocef3cc2y,10,3,181.69274306034617
qbzttsocef3cc2y,10,4,178.40291431866987
qbzttsocef3cc2y,10,5,179.93283326289796
qbzttsocef3cc2y,15,1,179.9279603803311
qbzttsocef3cc2y,15,2,179.83358503405532
qbzttsocef3cc2y,15,3,181.54690094190457
qbzttsocef3cc2y,15,4,180.43542544432313
qbzttsocef3cc2y,15,5,179.93032714641384
qbzttsocef3cc2y,15,10,179.55575459826073
qbzttsocef3cc2y,20,1,178.1322533098795
qbzttsocef3cc2y,20,2,180.64400004211126
qbzttsocef3cc2y,20,3,179.4666585332491
qbzttsocef3cc2y,20,4,183.2462762903281
qbzttsocef3cc2y,20,5,179.9248033560666
qbzttsocef3cc2y,20,10,180.64631746294683
qbzttsocef3cc2y,100,5,178.68699202132527
qbzttsocef3cc2y,100,10,180.02242521876073
qbzttsocef3cc2y,100,50,179.72203556965152
qbzttsocef3cc2y,1000,50,181.55412743231577
qbzttsocef3cc2y,1000,500,182.79684171666761
qbzttsocef3cc2y,1000,750,179.33503168944847
qbzttsocef3cc2y,10000,500,180.5807218684435
qbzttsocef3cc2y,10000,750,182.54788224501493
qbzttsocef3cc2y,10000,1000,180.92836530450938
qbzttsocef3cc2y,10000,5000,180.09096528352333
qbzttsocef3cc2y,10000,7500,179.51568931412064
ub40eh4k8rdgvtb,5,1,135.16210567105193
ub40eh4k8rdgvtb,5,2,134.96364947342536
ub40eh4k8rdgvtb,5,3,134.79572789771845
ub40eh4k8rdgvtb,5,4,133.77683118998382
ub40eh4k8rdgvtb,10,1,135.08341500969408
ub40eh4k8rdgvtb,10,2,136.17472215830318
ub40eh4k8rdgvtb,10,3,135.82181249501244
ub40eh4k8rdgvtb,10,4,134.33267155140035
ub40eh4k8rdgvtb,10,5,135.5429832773448
ub40eh4k8rdgvtb,15,1,136.77714367158475
ub40eh4k8rdgvtb,15,2,136.3888701201056
ub40eh4k8rdgvtb,15,3,135.59189204513908
ub40eh4k8rdgvtb,15,4,136.97907215065155
ub40eh4k8rdgvtb,15,5,134.50768780445486
ub40eh4k8rdgvtb,15,10,134.2361758777501
ub40eh4k8rdgvtb,20,1,134.93144635033366
ub40eh4k8rdgvtb,20,2,135.64742857574691
ub40eh4k8rdgvtb,20,3,134.34703507351284
ub40eh4k8rdgvtb,20,4,135.4172928753736
ub40eh4k8rdgvtb,20,5,135.84154018798316
ub40eh4k8rdgvtb,20,10,135.8480084866134
ub40eh4k8rdgvtb,100,5,136.0067345474619
ub40eh4k8rdgvtb,100,10,136.1913014082992
ub40eh4k8rdgvtb,100,50,137.69768701045717
ub40eh4k8rdgvtb,1000,50,135.61665942420115
ub40eh4k8rdgvtb,1000,500,134.2477308525881
ub40eh4k8rdgvtb,1000,750,136.25649577381708
ub40eh4k8rdgvtb,10000,500,136.1825396051752
ub40eh4k8rdgvtb,10000,750,135.883632384162
ub40eh4k8rdgvtb,10000,1000,137.0239370112722
ub40eh4k8rdgvtb,10000,5000,136.10419524131547
ub40eh4k8rdgvtb,10000,7500,133.50861368926246
fo7rrkaarq1yxbk,5,1,178.28593625373554
fo7rrkaarq1yxbk,5,2,177.0991170912558
fo7rrkaarq1yxbk,5,3,182.97588090679153
fo7rrkaarq1yxbk,5,4,181.47457518521722
fo7rrkaarq1yxbk,10,1,176.84879246101832
fo7rrkaarq1yxbk,10,2,176.90387277454795
fo7rrkaarq1yxbk,10,3,181.65378973668774
fo7rrkaarq1yxbk,10,4,180.87548866812207
fo7rrkaarq1yxbk,10,5,182.23456639562255
fo7rrkaarq1yxbk,15,1,181.46650972416805
fo7rrkaarq1yxbk,15,2,176.42538596011602
fo7rrkaarq1yxbk,15,3,176.51025313683124
fo7rrkaarq1yxbk,15,4,176.2920170755874
fo7rrkaarq1yxbk,15,5,179.75370792627183
fo7rrkaarq1yxbk,15,10,182.22261872693738
fo7rrkaarq1yxbk,20,1,179.60747724246627
fo7rrkaarq1yxbk,20,2,175.93162081902594
fo7rrkaarq1yxbk,20,3,177.11483085626656
fo7rrkaarq1yxbk,20,4,179.7981840759482
fo7rrkaarq1yxbk,20,5,176.21375492520494
fo7rrkaarq1yxbk,20,10,178.9516303878178
fo7rrkaarq1yxbk,100,5,180.26938146633967
fo7rrkaarq1yxbk,100,10,181.88949360067895
fo7rrkaarq1yxbk,100,50,182.49483843922908
fo7rrkaarq1yxbk,1000,50,179.63503649418482
fo7rrkaarq1yxbk,1000,500,185.6777016827193
fo7rrkaarq1yxbk,1000,750,184.8330436392004
fo7rrkaarq1yxbk,10000,500,179.56084049348357
fo7rrkaarq1yxbk,10000,750,179.6580923905334
fo7rrkaarq1yxbk,10000,1000,180.77710239080542
fo7rrkaarq1yxbk,10000,5000,182.7234415547126
fo7rrkaarq1yxbk,10000,7500,182.9882873309342
q5ep7vxrajzuy3s,5,1,168.5078791023229
q5ep7vxrajzuy3s,5,2,170.22980081634876
q5ep7vxrajzuy3s,5,3,169.5148330395592
q5ep7vxrajzuy3s,5,4,168.85293157170605
q5ep7vxrajzuy3s,10,1,166.49992179602145
q5ep7vxrajzuy3s,10,2,170.33562458348933
q5ep7vxrajzuy3s,10,3,169.14573340229313
q5ep7vxrajzuy3s,10,4,168.42068009603176
q5ep7vxrajzuy3s,10,5,164.88674430098004
q5ep7vxrajzuy3s,15,1,165.12777656349098
q5ep7vxrajzuy3s,15,2,165.76903681198038
q5ep7vxrajzuy3s,15,3,168.17057806766064
q5ep7vxrajzuy3s,15,4,165.983732742831
q5ep7vxrajzuy3s,15,5,168.48562499254783
q5ep7vxrajzuy3s,15,10,167.15832267467994
q5ep7vxrajzuy3s,20,1,166.2680080033922
q5ep7vxrajzuy3s,20,2,166.40073030319897
q5ep7vxrajzuy3s,20,3,168.51071609369632
q5ep7vxrajzuy3s,20,4,168.22838824241873
q5ep7vxrajzuy3s,20,5,167.15429068032591
q5ep7vxrajzuy3s,20,10,170.18455658921795
q5ep7vxrajzuy3s,100,5,164.5129886457328
q5ep7vxrajzuy3s,100,10,164.93087666703642
q5ep7vxrajzuy3s,100,50,166.9995248085011
q5ep7vxrajzuy3s,1000,50,166.47941973911213
q5ep7vxrajzuy3s,1000,500,168.41501979204145
q5ep7vxrajzuy3s,1000,750,169.73273614416283
q5ep7vxrajzuy3s,10000,500,166.23353501194777
q5ep7vxrajzuy3s,10000,750,168.42834620782259
q5ep7vxrajzuy3s,10000,1000,169.3071506555837
q5ep7vxrajzuy3s,10000,5000,168.26064661990222
q5ep7vxrajzuy3s,10000,7500,170.05920088276395
gqbcw11bbup9p63,5,1,185.39067450391747
gqbcw11bbup9p63,5,2,185.45392848940216
gqbcw11bbup9p63,5,3,183.78780027781318
gqbcw11bbup9p63,5,4,185.18467337357953
gqbcw11bbup9p63,10,1,182.8104197621665
gqbcw11bbup9p63,10,2,182.31700691369446
gqbcw11bbup9p63,10,3,186.4437323603465
gqbcw11bbup9p63,10,4,181.18175029472806
gqbcw11bbup9p63,10,5,181.82483397335523
gqbcw11bbup9p63,15,1,183.53029557657237
gqbcw11bbup9p63,15,2,182.93916553108934
gqbcw11bbup9p63,15,3,183.29053752061893
gqbcw11bbup9p63,15,4,182.5390467022129
gqbcw11bbup9p63,15,5,186.27868258547161
gqbcw11bbup9p63,15,10,182.30983186122324
gqbcw11bbup9p63,20,1,182.0943735210807
gqbcw11bbup9p63,20,2,181.98670957413495
gqbcw11bbup9p63,20,3,184.8404384392129
gqbcw11bbup9p63,20,4,186.40316504061377
gqbcw11bbup9p63,20,5,184.41540478579066
gqbcw11bbup9p63,20,10,185.53991391994555
gqbcw11bbup9p63,100,5,181.60498086283968
gqbcw11bbup9p63,100,10,180.77370899731216
gqbcw11bbup9p63,100,50,183.93212309043946
gqbcw11bbup9p63,1000,50,183.9404577367647
gqbcw11bbup9p63,1000,500,185.07256532862797
gqbcw11bbup9p63,1000,750,185.55034498633103
gqbcw11bbup9p63,10000,500,181.36905934276388
gqbcw11bbup9p63,10000,750,182.74078152256786
gqbcw11bbup9p63,10000,1000,181.65003989222117
gqbcw11bbup9p63,10000,5000,188.0281052909386
gqbcw11bbup9p63,10000,7500,187.4084872434045
bp49s1tkfbb8xru,5,1,98.39769880602981
bp49s1tkfbb8xru,5,2,99.07342212616553
bp49s1tkfbb8xru,5,3,97.28253216691142
bp49s1tkfbb8xru,5,4,99.52064712384134
bp49s1tkfbb8xru,10,1,96.34515108528743
bp49s1tkfbb8xru,10,2,96.6946374510569
bp49s1tkfbb8xru,10,3,96.55715509349555
bp49s1tkfbb8xru,10,4,97.34692646416592
bp49s1tkfbb8xru,10,5,96.26536498139659
bp49s1tkfbb8xru,15,1,98.46862146306742
bp49s1tkfbb8xru,15,2,98.05317293849735
bp49s1tkfbb8xru,15,3,98.77978379807018
bp49s1tkfbb8xru,15,4,98.73740610533663
bp49s1tkfbb8xru,15,5,99.11450030291087
bp49s1tkfbb8xru,15,10,98.17902011085995
bp49s1tkfbb8xru,20,1,96.6589128526614
bp49s1tkfbb8xru,20,2,98.5389694215675
bp49s1tkfbb8xru,20,3,96.67046958137651
bp49s1tkfbb8xru,20,4,97.04780076885099
bp49s1tkfbb8xru,20,5,96.03795554367537
bp49s1tkfbb8xru,20,10,99.3115219587319
bp49s1tkfbb8xru,100,5,96.74769235220421
bp49s1tkfbb8xru,100,10,98.2016265445503
bp49s1tkfbb8xru,100,50,99.84214973975472
bp49s1tkfbb8xru,1000,50,96.8726526171259
bp49s1tkfbb8xru,1000,500,97.00317666757122
bp49s1tkfbb8xru,1000,750,97.9551087847226
bp49s1tkfbb8xru,10000,500,96.55091625174428
bp49s1tkfbb8xru,10000,750,96.83566116706787
bp49s1tkfbb8xru,10000,1000,98.25476718623851
bp49s1tkfbb8xru,10000,5000,100.51447389665428
bp49s1tkfbb8xru,10000,7500,97.83214745205431
5l5ksa2v5z1xcrs,5,1,139.06475205747859
5l5ksa2v5z1xcrs,5,2,144.82023070502723
5l5ksa2v5z1xcrs,5,3,137.45395432655707
5l5ksa2v5z1xcrs,5,4,139.31415548876632
5l5ksa2v5z1xcrs,10,1,141.11286175395176
5l5ksa2v5z1xcrs,10,2,140.44860584479602
5l5ksa2v5z1xcrs,10,3,141.7767509504263
5l5ksa2v5z1xcrs,10,4,142.48743647052922
5l5ksa2v5z1xcrs,10,5,140.61720603521164
5l5ksa2v5z1xcrs,15,1,140.15009153907448
5l5ksa2v5z1xcrs,15,2,143.42047308345488
5l5ksa2v5z1xcrs,15,3,141.25705613903168
5l5ksa2v5z1xcrs,15,4,139.46965971505287
5l5ksa2v5z1xcrs,15,5,145.85542694094113
5l5ksa2v5z1xcrs,15,10,143.99203011235355
5l5ksa2v5z1xcrs,20,1,139.10551082397376
5l5ksa2v5z1xcrs,20,2,141.06125632286705
5l5ksa2v5z1xcrs,20,3,143.59213732080676
5l5ksa2v5z1xcrs,20,4,141.48688571454133
5l5ksa2v5z1xcrs,20,5,145.5497199498962
5l5ksa2v5z1xcrs,20,10,146.5446902541733
5l5ksa2v5z1xcrs,100,5,138.32887420323294
5l5ksa2v5z1xcrs,100,10,144.95236354930495
5l5ksa2v5z1xcrs,100,50,140.14087933046832
5l5ksa2v5z1xcrs,1000,50,139.46188115593296
5l5ksa2v5z1xcrs,1000,500,143.02834794477053
5l5ksa2v5z1xcrs,1000,750,142.45274617522213
5l5ksa2v5z1xcrs,10000,500,138.18274429622076
5l5ksa2v5z1xcrs,10000,750,142.8544334324064
5l5ksa2v5z1xcrs,10000,1000,147.10917837532622
5l5ksa2v5z1xcrs,10000,5000,143.5263015381668
5l5ksa2v5z1xcrs,10000,7500,142.6605041873779
m50kxs0ne7ln5xe,5,1,146.24678688052944
m50kxs0ne7ln5xe,5,2,144.8974843098928
m50kxs0ne7ln5xe,5,3,145.12377235311783
m50kxs0ne7ln5xe,5,4,146.6198724731877
m50kxs0ne7ln5xe,10,1,146.3300732452216
m50kxs0ne7ln5xe,10,2,147.23375294560776
m50kxs0ne7ln5xe,10,3,146.4825039363374
m50kxs0ne7ln5xe,10,4,145.73610369029575
m50kxs0ne7ln5xe,10,5,149.04074089588423
m50kxs0ne7ln5xe,15,1,145.0644807020306
m50kxs0ne7ln5xe,15,2,144.9244788983016
m50kxs0ne7ln5xe,15,3,146.10143814779192
m50kxs0ne7ln5xe,15,4,144.55277128094252
m50kxs0ne7ln5xe,15,5,144.96592552551346
m50kxs0ne7ln5xe,15,10,150.76444527461243
m50kxs0ne7ln5xe,20,1,147.1293201037004
m50kxs0ne7ln5xe,20,2,145.79139278511286
m50kxs0ne7ln5xe,20,3,147.25963279520556
m50kxs0ne7ln5xe,20,4,147.09433834664134
m50kxs0ne7ln5xe,20,5,146.9483251190758
m50kxs0ne7ln5xe,20,10,150.6386847778959
m50kxs0ne7ln5xe,100,5,144.45122060845785
m50kxs0ne7ln5xe,100,10,145.48624247589086
m50kxs0ne7ln5xe,100,50,149.42854844518507
m50kxs0ne7ln5xe,1000,50,147.4780121339112
m50kxs0ne7ln5xe,1000,500,150.6687396748518
m50kxs0ne7ln5xe,1000,750,148.88771427480697
m50kxs0ne7ln5xe,10000,500,145.85137560203955
m50kxs0ne7ln5xe,10000,750,146.49382041630003
m50kxs0ne7ln5xe,10000,1000,147.91884692526608
m50kxs0ne7ln5xe,10000,5000,149.04258162463395
m50kxs0ne7ln5xe,10000,7500,148.35206737757358
wdhmud3k27y9347,5,1,153.08934948248805
wdhmud3k27y9347,5,2,153.8708968808887
wdhmud3k27y9347,5,3,153.16982683444297
wdhmud3k27y9347,5,4,153.21864883194263
wdhmud3k27y9347,10,1,153.95694635894128
wdhmud3k27y9347,10,2,152.69152177988116
wdhmud3k27y9347,10,3,153.2467215661218
wdhmud3k27y9347,10,4,153.81879984838164
wdhmud3k27y9347,10,5,154.9129733494772
wdhmud3k27y9347,15,1,152.206844206638
wdhmud3k27y9347,15,2,151.71503388658167
wdhmud3k27y9347,15,3,152.43644037209336
wdhmud3k27y9347,15,4,153.82642332686592
wdhmud3k27y9347,15,5,154.42717889271015
wdhmud3k27y9347,15,10,152.60034799467198
wdhmud3k27y9347,20,1,149.94687133157697
wdhmud3k27y9347,20,2,152.4620026457577
wdhmud3k27y9347,20,3,153.34787335175469
wdhmud3k27y9347,20,4,151.70840918200642
wdhmud3k27y9347,20,5,153.11801978486469
wdhmud3k27y9347,20,10,156.254297222202
wdhmud3k27y9347,100,5,150.47181116764938
wdhmud3k27y9347,100,10,153.9083500173001
wdhmud3k27y9347,100,50,154.91018164081774
wdhmud3k27y9347,1000,50,150.36557192643593
wdhmud3k27y9347,1000,500,155.26828765509566
wdhmud3k27y9347,1000,750,154.0012184816854
wdhmud3k27y9347,10000,500,150.94880685416695
wdhmud3k27y9347,10000,750,152.9228353234989
wdhmud3k27y9347,10000,1000,152.90285174325314
wdhmud3k27y9347,10000,5000,154.38124267364938
wdhmud3k27y9347,10000,7500,154.60264677293782
s0kptdmjr5nhxj4,5,1,125.0505753140029
s0kptdmjr5nhxj4,5,2,126.65337023815333
s0kptdmjr5nhxj4,5,3,126.22868258994727
s0kptdmjr5nhxj4,5,4,125.52600969338832
s0kptdmjr5nhxj4,10,1,127.38645375781715
s0kptdmjr5nhxj4,10,2,125.90174111012725
s0kptdmjr5nhxj4,10,3,126.48528360094447
s0kptdmjr5nhxj4,10,4,125.7987394291482
s0kptdmjr5nhxj4,10,5,129.18461470881363
s0kptdmjr5nhxj4,15,1,124.81805694877634
s0kptdmjr5nhxj4,15,2,127.18691332384192
s0kptdmjr5nhxj4,15,3,126.07068511116422
s0kptdmjr5nhxj4,15,4,127.05559475586246
s0kptdmjr5nhxj4,15,5,125.66579781846916
s0kptdmjr5nhxj4,15,10,128.9614339214321
s0kptdmjr5nhxj4,20,1,126.23803624514376
s0kptdmjr5nhxj4,20,2,128.29581439066297
s0kptdmjr5nhxj4,20,3,126.30609391691272
s0kptdmjr5nhxj4,20,4,126.1427488951763
s0kptdmjr5nhxj4,20,5,125.48265675161444
s0kptdmjr5nhxj4,20,10,125.5159054424537
s0kptdmjr5nhxj4,100,5,123.70657968552266
s0kptdmjr5nhxj4,100,10,126.68758686910871
s0kptdmjr5nhxj4,100,50,126.32110784641188
s0kptdmjr5nhxj4,1000,50,125.44397037975475
s0kptdmjr5nhxj4,1000,500,126.33759290179142
s0kptdmjr5nhxj4,1000,750,127.32029285761146
s0kptdmjr5nhxj4,10000,500,124.96868029420246
s0kptdmjr5nhxj4,10000,750,125.09677697978117
s0kptdmjr5nhxj4,10000,1000,125.38794275976424
s0kptdmjr5nhxj4,10000,5000,126.17480379364326
s0kptdmjr5nhxj4,10000,7500,126.86932013979113
x03mf9pz89y5s1k,5,1,165.0313955715413
x03mf9pz89y5s1k,5,2,164.58285142765345
x03mf9pz89y5s1k,5,3,167.79960491847106
x03mf9pz89y5s1k,5,4,169.16567867499975
x03mf9pz89y5s1k,10,1,168.76038736418812
x03mf9pz89y5s1k,10,2,165.6788845488591
x03mf9pz89y5s1k,10,3,166.2236078584011
x03mf9pz89y5s1k,10,4,166.35864946069228
x03mf9pz89y5s1k,10,5,168.61881362029905
x03mf9pz89y5s1k,15,1,165.25895692228002
x03mf9pz89y5s1k,15,2,166.6192632145643
x03mf9pz89y5s1k,15,3,164.88225657790267
x03mf9pz89y5s1k,15,4,167.98910334358786
x03mf9pz89y5s1k,15,5,168.99578888202115
x03mf9pz89y5s1k,15,10,169.57585601341754
x03mf9pz89y5s1k,20,1,165.36062278465997
x03mf9pz89y5s1k,20,2,166.51281759923464
x03mf9pz89y5s1k,20,3,167.2338788380455
x03mf9pz89y5s1k,20,4,165.0922036796443
x03mf9pz89y5s1k,20,5,168.45986635176166
x03mf9pz89y5s1k,20,10,169.69131942508352
x03mf9pz89y5s1k,100,5,167.08171188882176
x03mf9pz89y5s1k,100,10,169.494604297478
x03mf9pz89y5s1k,100,50,168.62082592334156
x03mf9pz89y5s1k,1000,50,167.72825925581157
x03mf9pz89y5s1k,1000,500,168.18598229027847
x03mf9pz89y5s1k,1000,750,169.2290688161935
x03mf9pz89y5s1k,10000,500,170.25950599209222
x03mf9pz89y5s1k,10000,750,167.26266926243753
x03mf9pz89y5s1k,10000,1000,166.61244560138078
x03mf9pz89y5s1k,10000,5000,168.78437048280662
x03mf9pz89y5s1k,10000,7500,169.06712710006408
k45h5lxk13xjkxs,5,1,176.8275563643375
k45h5lxk13xjkxs,5,2,180.40283021608022
k45h5lxk13xjkxs,5,3,179.2257095905256
k45h5lxk13xjkxs,5,4,180.3374612358257
k45h5lxk13xjkxs,10,1,181.32616407255756
k45h5lxk13xjkxs,10,2,180.2930674487205
k45h5lxk13xjkxs,10,3,181.19748864239628
k45h5lxk13xjkxs,10,4,179.07110375853037
k45h5lxk13xjkxs,10,5,182.34772200622075
k45h5lxk13xjkxs,15,1,179.02228517819862
k45h5lxk13xjkxs,15,2,180.11434660861013
k45h5lxk13xjkxs,15,3,177.49237417789948
k45h5lxk13xjkxs,15,4,177.40238963215026
k45h5lxk13xjkxs,15,5,176.8059008395666
k45h5lxk13xjkxs,15,10,184.38489178096202
k45h5lxk13xjkxs,20,1,178.3162657015887
k45h5lxk13xjkxs,20,2,179.1009287593084
k45h5lxk13xjkxs,20,3,178.53338310902336
k45h5lxk13xjkxs,20,4,177.79898498444476
k45h5lxk13xjkxs,20,5,180.4312126683645
k45h5lxk13xjkxs,20,10,179.85034711895332
k45h5lxk13xjkxs,100,5,178.14375063761614
k45h5lxk13xjkxs,100,10,177.1918732638521
k45h5lxk13xjkxs,100,50,180.5358676928562
k45h5lxk13xjkxs,1000,50,182.86338005147536
k45h5lxk13xjkxs,1000,500,182.10062754493183
k45h5lxk13xjkxs,1000,750,177.63742133558665
k45h5lxk13xjkxs,10000,500,177.77676370567553
k45h5lxk13xjkxs,10000,750,181.5801585821807
k45h5lxk13xjkxs,10000,1000,181.2955761484817
k45h5lxk13xjkxs,10000,5000,177.8360914003461
k45h5lxk13xjkxs,10000,7500,178.66673950202818
mqng9gal5nqwgz9,5,1,206.09585820600734
mqng9gal5nqwgz9,5,2,205.53465284287492
mqng9gal5nqwgz9,5,3,202.46341649598776
mqng9gal5nqwgz9,5,4,205.12712849341182
mqng9gal5nqwgz9,10,1,203.95977558021366
mqng9gal5nqwgz9,10,2,204.15076641323196
mqng9gal5nqwgz9,10,3,200.25639048636248
mqng9gal5nqwgz9,10,4,206.08947764024705
mqng9gal5nqwgz9,10,5,206.0784037627153
mqng9gal5nqwgz9,15,1,200.55445506420065
mqng9gal5nqwgz9,15,2,206.0228629850222
mqng9gal5nqwgz9,15,3,203.43920345523992
mqng9gal5nqwgz9,15,4,205.0165142451285
mqng9gal5nqwgz9,15,5,205.57486068642336
mqng9gal5nqwgz9,15,10,206.13755194854974
mqng9gal5nqwgz9,20,1,202.507287613151
mqng9gal5nqwgz9,20,2,204.15349781683156
mqng9gal5nqwgz9,20,3,204.41383831309685
mqng9gal5nqwgz9,20,4,201.44218040272136
mqng9gal5nqwgz9,20,5,203.71970157582268
mqng9gal5nqwgz9,20,10,207.46695658258082
mqng9gal5nqwgz9,100,5,201.42627706934132
mqng9gal5nqwgz9,100,10,203.29082162559348
mqng9gal5nqwgz9,100,50,204.1919062361123
mqng9gal5nqwgz9,1000,50,204.8447433283031
mqng9gal5nqwgz9,1000,500,203.23042813038154
mqng9gal5nqwgz9,1000,750,204.72199706870364
mqng9gal5nqwgz9,10000,500,201.70337510629741
mqng9gal5nqwgz9,10000,750,203.81276272490766
mqng9gal5nqwgz9,10000,1000,203.87577681333727
mqng9gal5nqwgz9,10000,5000,203.6340863063308
mqng9gal5nqwgz9,10000,7500,200.8602226487024
fhx07b8nwvnqhok,5,1,173.2973722359962
fhx07b8nwvnqhok,5,2,176.7037935160264
fhx07b8nwvnqhok,5,3,175.13279614482408
fhx07b8nwvnqhok,5,4,173.22949660559382
fhx07b8nwvnqhok,10,1,170.7246738232075
fhx07b8nwvnqhok,10,2,173.0176112184255
fhx07b8nwvnqhok,10,3,174.17830399413734
fhx07b8nwvnqhok,10,4,172.18168211059972
fhx07b8nwvnqhok,10,5,173.06999163251598
fhx07b8nwvnqhok,15,1,172.71755073346998
fhx07b8nwvnqhok,15,2,172.10839464902836
fhx07b8nwvnqhok,15,3,175.10626119394675
fhx07b8nwvnqhok,15,4,173.22395075360816
fhx07b8nwvnqhok,15,5,172.77036141598361
fhx07b8nwvnqhok,15,10,176.23897658071823
fhx07b8nwvnqhok,20,1,171.99476797984005
fhx07b8nwvnqhok,20,2,171.43235418696372
fhx07b8nwvnqhok,20,3,171.41286264691868
fhx07b8nwvnqhok,20,4,173.0433124450029
fhx07b8nwvnqhok,20,5,175.123260875226
fhx07b8nwvnqhok,20,10,175.07263881717284
fhx07b8nwvnqhok,100,5,171.8286918012553
fhx07b8nwvnqhok,100,10,170.79646134662184
fhx07b8nwvnqhok,100,50,173.956712855373
fhx07b8nwvnqhok,1000,50,172.14241102322194
fhx07b8nwvnqhok,1000,500,173.3868478183633
fhx07b8nwvnqhok,1000,750,174.03000257109326
fhx07b8nwvnqhok,10000,500,169.5302050235722
fhx07b8nwvnqhok,10000,750,168.73185398001198
fhx07b8nwvnqhok,10000,1000,170.56497156151684
fhx07b8nwvnqhok,10000,5000,175.8271672534044
fhx07b8nwvnqhok,10000,7500,172.9527136163127
z4po88qwrs63ldg,5,1,149.03208577244658
z4po88qwrs63ldg,5,2,149.538362344444
z4po88qwrs63ldg,5,3,153.35382692677507
z4po88qwrs63ldg,5,4,159.14854470074246
z4po88qwrs63ldg,10,1,148.89928436238318
z4po88qwrs63ldg,10,2,149.3599394599611
z4po88qwrs63ldg,10,3,150.85472322813703
z4po88qwrs63ldg,10,4,148.72997930406606
z4po88qwrs63ldg,10,5,153.32996497465396
z4po88qwrs63ldg,15,1,150.93566175367056
z4po88qwrs63ldg,15,2,150.8953689489963
z4po88qwrs63ldg,15,3,151.42264374861034
z4po88qwrs63ldg,15,4,152.5923753488644
z4po88qwrs63ldg,15,5,149.77074839310666
z4po88qwrs63ldg,15,10,151.5894052841319
z4po88qwrs63ldg,20,1,150.93955577504346
z4po88qwrs63ldg,20,2,150.95920162181042
z4po88qwrs63ldg,20,3,151.64663161102888
z4po88qwrs63ldg,20,4,149.7466710901807
z4po88qwrs63ldg,20,5,150.15422751111802
z4po88qwrs63ldg,20,10,149.33536501592084
z4po88qwrs63ldg,100,5,151.4398002980764
z4po88qwrs63ldg,100,10,151.0386938031363
z4po88qwrs63ldg,100,50,155.27678337263075
z4po88qwrs63ldg,1000,50,153.1683635169833
z4po88qwrs63ldg,1000,500,157.17973886864013
z4po88qwrs63ldg,1000,750,156.30628472929018
z4po88qwrs63ldg,10000,500,156.72077947601807
z4po88qwrs63ldg,10000,750,157.89282146072983
z4po88qwrs63ldg,10000,1000,159.34144682165217
z4po88qwrs63ldg,10000,5000,158.63833839482422
z4po88qwrs63ldg,10000,7500,161.47316788599946
lymkfw9n1mft0no,5,1,152.87706503074153
lymkfw9n1mft0no,5,2,148.82214706670004
lymkfw9n1mft0no,5,3,151.79134677954542
lymkfw9n1mft0no,5,4,149.82185972379432
lymkfw9n1mft0no,10,1,146.22870709725186
lymkfw9n1mft0no,10,2,149.88285635672355
lymkfw9n1mft0no,10,3,150.96939281880842
lymkfw9n1mft0no,10,4,152.65403919890525
lymkfw9n1mft0no,10,5,149.22265741509727
lymkfw9n1mft0no,15,1,150.85821461404777
lymkfw9n1mft0no,15,2,150.18046615088156
lymkfw9n1mft0no,15,3,151.74141680419484
lymkfw9n1mft0no,15,4,151.56407255132723
lymkfw9n1mft0no,15,5,154.73550917836874
lymkfw9n1mft0no,15,10,154.9977040477803
lymkfw9n1mft0no,20,1,149.40200853156975
lymkfw9n1mft0no,20,2,150.74225250896234
lymkfw9n1mft0no,20,3,152.4340989286765
lymkfw9n1mft0no,20,4,152.22906661513207
lymkfw9n1mft0no,20,5,151.35325261840322
lymkfw9n1mft0no,20,10,151.9815953691505
lymkfw9n1mft0no,100,5,149.45028611540369
lymkfw9n1mft0no,100,10,151.20359883845322
lymkfw9n1mft0no,100,50,149.17245808997365
lymkfw9n1mft0no,1000,50,151.01730846022429
lymkfw9n1mft0no,1000,500,154.30516934155833
lymkfw9n1mft0no,1000,750,152.4450281432601
lymkfw9n1mft0no,10000,500,150.1704081355071
lymkfw9n1mft0no,10000,750,150.36652530910254
lymkfw9n1mft0no,10000,1000,151.81909249995073
lymkfw9n1mft0no,10000,5000,152.0832453712268
lymkfw9n1mft0no,10000,7500,148.36818853944007
t7w0f2l0exzmotj,5,1,166.88602510955903
t7w0f2l0exzmotj,5,2,162.84882308214907
t7w0f2l0exzmotj,5,3,162.30198723159359
t7w0f2l0exzmotj,5,4,162.6958625872177
t7w0f2l0exzmotj,10,1,160.89671460360893
t7w0f2l0exzmotj,10,2,160.16538184184918
t7w0f2l0exzmotj,10,3,160.8262678337166
t7w0f2l0exzmotj,10,4,166.9948413432859
t7w0f2l0exzmotj,10,5,163.1500900305615
t7w0f2l0exzmotj,15,1,163.00955751504318
t7w0f2l0exzmotj,15,2,158.52377047374006
t7w0f2l0exzmotj,15,3,164.10657942458926
t7w0f2l0exzmotj,15,4,162.56622719884308
t7w0f2l0exzmotj,15,5,160.46768777387243
t7w0f2l0exzmotj,15,10,163.51220067145962
t7w0f2l0exzmotj,20,1,160.74905055360873
t7w0f2l0exzmotj,20,2,162.22008786280557
t7w0f2l0exzmotj,20,3,160.02913004004557
t7w0f2l0exzmotj,20,4,160.6383515305951
t7w0f2l0exzmotj,20,5,161.3141294888689
t7w0f2l0exzmotj,20,10,165.41046007525358
t7w0f2l0exzmotj,100,5,164.39505417554724
t7w0f2l0exzmotj,100,10,160.17695803230885
t7w0f2l0exzmotj,100,50,170.21621700428273
t7w0f2l0exzmotj,1000,50,169.18176630306863
t7w0f2l0exzmotj,1000,500,169.14868763637833
t7w0f2l0exzmotj,1000,750,169.76280242424608
t7w0f2l0exzmotj,10000,500,168.81666837473097
t7w0f2l0exzmotj,10000,750,168.29822678258822
t7w0f2l0exzmotj,10000,1000,168.85662998774598
t7w0f2l0exzmotj,10000,5000,169.51451257751887
t7w0f2l0exzmotj,10000,7500,169.65827707084614
jfnmbjt4xn1r4dg,5,1,181.31700260299152
jfnmbjt4xn1r4dg,5,2,177.1848561265681
jfnmbjt4xn1r4dg,5,3,179.83703414066508
jfnmbjt4xn1r4dg,5,4,179.13370991821242
jfnmbjt4xn1r4dg,10,1,183.029666806957
jfnmbjt4xn1r4dg,10,2,177.57586892915245
jfnmbjt4xn1r4dg,10,3,183.81975971340773
jfnmbjt4xn1r4dg,10,4,182.29008568271993
jfnmbjt4xn1r4dg,10,5,184.03248410057554
jfnmbjt4xn1r4dg,15,1,180.64557670024325
jfnmbjt4xn1r4dg,15,2,181.3739166272189
jfnmbjt4xn1r4dg,15,3,184.06805640004436
jfnmbjt4xn1r4dg,15,4,180.64444853521454
jfnmbjt4xn1r4dg,15,5,185.47880055708592
jfnmbjt4xn1r4dg,15,10,183.45250320153042
jfnmbjt4xn1r4dg,20,1,181.78180080864922
jfnmbjt4xn1r4dg,20,2,181.76717519181074
jfnmbjt4xn1r4dg,20,3,182.96949248012396
jfnmbjt4xn1r4dg,20,4,181.77920654943554
jfnmbjt4xn1r4dg,20,5,183.05616027784149
jfnmbjt4xn1r4dg,20,10,182.3960417262461
jfnmbjt4xn1r4dg,100,5,182.74424205731478
jfnmbjt4xn1r4dg,100,10,182.63416148483614
jfnmbjt4xn1r4dg,100,50,181.8845088407617
jfnmbjt4xn1r4dg,1000,50,181.37667716024134
jfnmbjt4xn1r4dg,1000,500,183.10998743138845
jfnmbjt4xn1r4dg,1000,750,181.02328023116857
jfnmbjt4xn1r4dg,10000,500,182.8366067261278
jfnmbjt4xn1r4dg,10000,750,181.65975510138887
jfnmbjt4xn1r4dg,10000,1000,182.85903013513516
jfnmbjt4xn1r4dg,10000,5000,182.1034432644548
jfnmbjt4xn1r4dg,10000,7500,182.3269229147425
0kousukd07tco21,5,1,162.11007118179148
0kousukd07tco21,5,2,161.76888379202975
0kousukd07tco21,5,3,162.7915534409649
0kousukd07tco21,5,4,162.06063040188377
0kousukd07tco21,10,1,161.52591553506596
0kousukd07tco21,10,2,163.32996040025384
0kousukd07tco21,10,3,163.03378430335908
0kousukd07tco21,10,4,159.90243469758164
0kousukd07tco21,10,5,162.20053354927632
0kousukd07tco21,15,1,163.0004244899853
0kousukd07tco21,15,2,162.8901902272692
0kousukd07tco21,15,3,163.0245660289281
0kousukd07tco21,15,4,164.32728732576254
0kousukd07tco21,15,5,165.12205695471025
0kousukd07tco21,15,10,163.78916283768336
0kousukd07tco21,20,1,158.37408211376032
0kousukd07tco21,20,2,158.58048197082618
0kousukd07tco21,20,3,161.94549739857052
0kousukd07tco21,20,4,161.9004550161732
0kousukd07tco21,20,5,162.14161970933452
0kousukd07tco21,20,10,163.7054587572611
0kousukd07tco21,100,5,163.9825194166612
0kousukd07tco21,100,10,165.15819371004392
0kousukd07tco21,100,50,164.6637039181214
0kousukd07tco21,1000,50,163.44086878371934
0kousukd07tco21,1000,500,164.4016417083387
0kousukd07tco21,1000,750,164.2088945144497
0kousukd07tco21,10000,500,164.95929321546097
0kousukd07tco21,10000,750,165.02243746334125
0kousukd07tco21,10000,1000,163.8797664161828
0kousukd07tco21,10000,5000,161.2124705218043
0kousukd07tco21,10000,7500,162.33351353047624
5mptj6ff8jp8fan,5,1,203.4509240232522
5mptj6ff8jp8fan,5,2,205.4936512993236
5mptj6ff8jp8fan,5,3,203.46747883080297
5mptj6ff8jp8fan,5,4,205.81032858837565
5mptj6ff8jp8fan,10,1,206.43108958883187
5mptj6ff8jp8fan,10,2,202.5569740141696
5mptj6ff8jp8fan,10,3,206.99048864681166
5mptj6ff8jp8fan,10,4,205.45766419805443
5mptj6ff8jp8fan,10,5,204.12366548868533
5mptj6ff8jp8fan,15,1,203.75184410977175
5mptj6ff8jp8fan,15,2,205.89721808943753
5mptj6ff8jp8fan,15,3,204.7705301729393
5mptj6ff8jp8fan,15,4,206.37565860085994
5mptj6ff8jp8fan,15,5,204.84600180062517
5mptj6ff8jp8fan,15,10,207.39511440936985
5mptj6ff8jp8fan,20,1,201.47423072863057
5mptj6ff8jp8fan,20,2,203.36771994887056
5mptj6ff8jp8fan,20,3,204.38762618191677
5mptj6ff8jp8fan,20,4,206.82978680941508
5mptj6ff8jp8fan,20,5,206.02397819364327
5mptj6ff8jp8fan,20,10,208.45791507024123
5mptj6ff8jp8fan,100,5,204.2052037097702
5mptj6ff8jp8fan,100,10,207.49545613570675
5mptj6ff8jp8fan,100,50,206.71151664755152
5mptj6ff8jp8fan,1000,50,204.04356980844355
5mptj6ff8jp8fan,1000,500,205.20433367064172
5mptj6ff8jp8fan,1000,750,206.29662945175227
5mptj6ff8jp8fan,10000,500,204.29013756961106
5mptj6ff8jp8fan,10000,750,208.64313126501267
5mptj6ff8jp8fan,10000,1000,208.89893184349455
5mptj6ff8jp8fan,10000,5000,205.88766341911438
5mptj6ff8jp8fan,10000,7500,206.06713690962292
d4o3knz0mpk1e3r,5,1,186.6689665884008
d4o3knz0mpk1e3r,5,2,186.69008370900457
d4o3knz0mpk1e3r,5,3,187.20729612013508
d4o3knz0mpk1e3r,5,4,186.71778588353163
d4o3knz0mpk1e3r,10,1,184.00116096250804
d4o3knz0mpk1e3r,10,2,184.80039199404285
d4o3knz0mpk1e3r,10,3,184.10073069984531
d4o3knz0mpk1e3r,10,4,186.13697676662784
d4o3knz0mpk1e3r,10,5,187.69221424681282
d4o3knz0mpk1e3r,15,1,182.90779532895402
d4o3knz0mpk1e3r,15,2,185.0086915861583
d4o3knz0mpk1e3r,15,3,184.6116118873919
d4o3knz0mpk1e3r,15,4,187.13019169883003
d4o3knz0mpk1e3r,15,5,190.89533419419203
d4o3knz0mpk1e3r,15,10,187.16269723269676
d4o3knz0mpk1e3r,20,1,184.84237986469208
d4o3knz0mpk1e3r,20,2,186.9041536503445
d4o3knz0mpk1e3r,20,3,186.64872604170932
d4o3knz0mpk1e3r,20,4,187.3161405108586
d4o3knz0mpk1e3r,20,5,188.34603773118383
d4o3knz0mpk1e3r,20,10,184.84018484802553
d4o3knz0mpk1e3r,100,5,186.76167177764026
d4o3knz0mpk1e3r,100,10,184.91282053408915
d4o3knz0mpk1e3r,100,50,186.02057321832476
d4o3knz0mpk1e3r,1000,50,189.18928025636404
d4o3knz0mpk1e3r,1000,500,189.58037663816404
d4o3knz0mpk1e3r,1000,750,188.89129076159213
d4o3knz0mpk1e3r,10000,500,187.6337090010533
d4o3knz0mpk1e3r,10000,750,188.64470296133692
d4o3knz0mpk1e3r,10000,1000,190.0995495510617
d4o3knz0mpk1e3r,10000,5000,189.888898050279
d4o3knz0mpk1e3r,10000,7500,189.81701425744626
yvs2167kyhkctcg,5,1,121.99033290947217
yvs2167kyhkctcg,5,2,119.86250169513873
yvs2167kyhkctcg,5,3,120.12544683110438
yvs2167kyhkctcg,5,4,117.95255255242434
yvs2167kyhkctcg,10,1,120.28532804130869
yvs2167kyhkctcg,10,2,117.52170411867644
yvs2167kyhkctcg,10,3,118.17448227212661
yvs2167kyhkctcg,10,4,120.93696120636601
yvs2167kyhkctcg,10,5,120.69236422708788
yvs2167kyhkctcg,15,1,117.00963282773789
yvs2167kyhkctcg,15,2,117.02237344653192
yvs2167kyhkctcg,15,3,116.80373874398659
yvs2167kyhkctcg,15,4,115.5512274735542
yvs2167kyhkctcg,15,5,117.18199329415057
yvs2167kyhkctcg,15,10,121.03680894118223
yvs2167kyhkctcg,20,1,118.62312518311825
yvs2167kyhkctcg,20,2,117.9719780080564
yvs2167kyhkctcg,20,3,118.98022715042282
yvs2167kyhkctcg,20,4,119.72387570251941
yvs2167kyhkctcg,20,5,118.42138686410286
yvs2167kyhkctcg,20,10,120.68178660349555
yvs2167kyhkctcg,100,5,116.44253170105299
yvs2167kyhkctcg,100,10,117.49652118165481
yvs2167kyhkctcg,100,50,120.2731672430831
yvs2167kyhkctcg,1000,50,117.03422220250538
yvs2167kyhkctcg,1000,500,119.76329807444979
yvs2167kyhkctcg,1000,750,121.13795515169822
yvs2167kyhkctcg,10000,500,117.67855389443915
yvs2167kyhkctcg,10000,750,116.72548702344409
yvs2167kyhkctcg,10000,1000,118.2131909976049
yvs2167kyhkctcg,10000,5000,119.22394793079657
yvs2167kyhkctcg,10000,7500,121.16532985066837
v2dh8a69mhuhkqz,5,1,182.05857075834916
v2dh8a69mhuhkqz,5,2,186.0776927792618
v2dh8a69mhuhkqz,5,3,181.7733921586702
v2dh8a69mhuhkqz,5,4,183.85938353122637
v2dh8a69mhuhkqz,10,1,185.9557985560182
v2dh8a69mhuhkqz,10,2,183.30783420888918
v2dh8a69mhuhkqz,10,3,184.94338384377627
v2dh8a69mhuhkqz,10,4,183.43189459070564
v2dh8a69mhuhkqz,10,5,184.13694613262487
v2dh8a69mhuhkqz,15,1,183.5608803339094
v2dh8a69mhuhkqz,15,2,185.50307543513023
v2dh8a69mhuhkqz,15,3,185.16789024508293
v2dh8a69mhuhkqz,15,4,184.95648157829575
v2dh8a69mhuhkqz,15,5,184.9052339227424
v2dh8a69mhuhkqz,15,10,184.7050874508302
v2dh8a69mhuhkqz,20,1,185.01880233997926
v2dh8a69mhuhkqz,20,2,183.97273883539128
v2dh8a69mhuhkqz,20,3,183.83103945897915
v2dh8a69mhuhkqz,20,4,185.61726879264074
v2dh8a69mhuhkqz,20,5,186.25762499030563
v2dh8a69mhuhkqz,20,10,183.85891190142598
v2dh8a69mhuhkqz,100,5,182.46282134749757
v2dh8a69mhuhkqz,100,10,184.30278516092497
v2dh8a69mhuhkqz,100,50,186.0277255718118
v2dh8a69mhuhkqz,1000,50,182.56791472039012
v2dh8a69mhuhkqz,1000,500,180.96361533706778
v2dh8a69mhuhkqz,1000,750,178.00630270803015
v2dh8a69mhuhkqz,10000,500,181.03615694652504
v2dh8a69mhuhkqz,10000,750,181.00750661811117
v2dh8a69mhuhkqz,10000,1000,183.4673873138701
v2dh8a69mhuhkqz,10000,5000,184.2969020978378
v2dh8a69mhuhkqz,10000,7500,180.81867460471608
cd1ooce50gh5xra,5,1,188.33384382178207
cd1ooce50gh5xra,5,2,184.24476087359614
cd1ooce50gh5xra,5,3,194.26124221099454
cd1ooce50gh5xra,5,4,194.50576949178918
cd1ooce50gh5xra,10,1,181.62791748461783
cd1ooce50gh5xra,10,2,185.2664281772395
cd1ooce50gh5xra,10,3,184.37564040999325
cd1ooce50gh5xra,10,4,184.97832272722118
cd1ooce50gh5xra,10,5,184.11890569250568
cd1ooce50gh5xra,15,1,179.9067436409013
cd1ooce50gh5xra,15,2,182.11483839742334
cd1ooce50gh5xra,15,3,185.73683761220968
cd1ooce50gh5xra,15,4,185.12961494679044
cd1ooce50gh5xra,15,5,183.4169409502091
cd1ooce50gh5xra,15,10,183.481375068219
cd1ooce50gh5xra,20,1,181.24978461389603
cd1ooce50gh5xra,20,2,184.3952745939891
cd1ooce50gh5xra,20,3,184.23748437497966
cd1ooce50gh5xra,20,4,181.73760359479155
cd1ooce50gh5xra,20,5,182.3183159713428
cd1ooce50gh5xra,20,10,183.809711802096
cd1ooce50gh5xra,100,5,184.94252017103295
cd1ooce50gh5xra,100,10,183.67888633127393
cd1ooce50gh5xra,100,50,190.85525128528784
cd1ooce50gh5xra,1000,50,182.96983507346604
cd1ooce50gh5xra,1000,500,196.96173017974286
cd1ooce50gh5xra,1000,750,191.87021417160753
cd1ooce50gh5xra,10000,500,184.05316203450772
cd1ooce50gh5xra,10000,750,185.46852841957934
cd1ooce50gh5xra,10000,1000,188.80205724344734
cd1ooce50gh5xra,10000,5000,194.10446464109856
cd1ooce50gh5xra,10000,7500,189.6396027791265
edj8zsg91okuwrc,5,1,189.61902225917473
edj8zsg91okuwrc,5,2,185.13013150778417
edj8zsg91okuwrc,5,3,186.9534003422017
edj8zsg91okuwrc,5,4,190.66584095697115
edj8zsg91okuwrc,10,1,189.99559731351337
edj8zsg91okuwrc,10,2,187.49708102958803
edj8zsg91okuwrc,10,3,188.16175975028438
edj8zsg91okuwrc,10,4,186.3382717003823
edj8zsg91okuwrc,10,5,189.16478803029258
edj8zsg91okuwrc,15,1,184.2822081107201
edj8zsg91okuwrc,15,2,184.0563120644655
edj8zsg91okuwrc,15,3,186.78968593779607
edj8zsg91okuwrc,15,4,190.41396027785737
edj8zsg91okuwrc,15,5,193.8387535615836
edj8zsg91okuwrc,15,10,188.59845202784246
edj8zsg91okuwrc,20,1,185.45397059730985
edj8zsg91okuwrc,20,2,185.17617219159263
edj8zsg91okuwrc,20,3,186.10109897467626
edj8zsg91okuwrc,20,4,191.17515911653453
edj8zsg91okuwrc,20,5,194.88689700517205
edj8zsg91okuwrc,20,10,192.58760981023013
edj8zsg91okuwrc,100,5,186.98378146811913
edj8zsg91okuwrc,100,10,184.8396232721814
edj8zsg91okuwrc,100,50,190.64944709274997
edj8zsg91okuwrc,1000,50,189.0767527734783
edj8zsg91okuwrc,1000,500,186.7831399824384
edj8zsg91okuwrc,1000,750,187.86979587922454
q3rm4bg3z295hv5,5,1,190.3477783522846
q3rm4bg3z295hv5,5,2,195.9908745875418
q3rm4bg3z295hv5,5,3,195.65742184851422
q3rm4bg3z295hv5,5,4,193.58127827011492
q3rm4bg3z295hv5,10,1,193.62277294330158
q3rm4bg3z295hv5,10,2,194.09870500006596
q3rm4bg3z295hv5,10,3,191.09585604382062
q3rm4bg3z295hv5,10,4,195.3513499553435
q3rm4bg3z295hv5,10,5,196.79099497277633
q3rm4bg3z295hv5,15,1,192.51219424122138
q3rm4bg3z295hv5,15,2,192.13376974228098
q3rm4bg3z295hv5,15,3,191.44487426444397
q3rm4bg3z295hv5,15,4,194.91443089290806
q3rm4bg3z295hv5,15,5,193.1575234778117
q3rm4bg3z295hv5,15,10,196.72385082202499
q3rm4bg3z295hv5,20,1,194.00058081618064
q3rm4bg3z295hv5,20,2,196.57768467469202
q3rm4bg3z295hv5,20,3,196.33952853242567
q3rm4bg3z295hv5,20,4,195.84005873189932
q3rm4bg3z295hv5,20,5,197.51902614119652
q3rm4bg3z295hv5,20,10,197.00731722568733
q3rm4bg3z295hv5,100,5,193.17128912830395
q3rm4bg3z295hv5,100,10,193.83984403090778
q3rm4bg3z295hv5,100,50,191.36663112740018
q3rm4bg3z295hv5,1000,50,193.87798460275351
q3rm4bg3z295hv5,1000,500,196.11968047814537
q3rm4bg3z295hv5,1000,750,197.47485845752513
q3rm4bg3z295hv5,10000,500,195.05944500182616
q3rm4bg3z295hv5,10000,750,195.43168847829685
q3rm4bg3z295hv5,10000,1000,194.79855711196927
q3rm4bg3z295hv5,10000,5000,195.64072573770412
q3rm4bg3z295hv5,10000,7500,196.64932303591803
9ckz34m3thm405a,5,1,110.24179286301265
9ckz34m3thm405a,5,2,112.84668584562796
9ckz34m3thm405a,5,3,111.9587197654672
9ckz34m3thm405a,5,4,111.61907298802456
9ckz34m3thm405a,10,1,109.62832615542575
9ckz34m3thm405a,10,2,112.04059955520412
9ckz34m3thm405a,10,3,112.18226482907995
9ckz34m3thm405a,10,4,111.30044146736479
9ckz34m3thm405a,10,5,110.92812632257547
9ckz34m3thm405a,15,1,111.1192475955361
9ckz34m3thm405a,15,2,111.64717089059405
9ckz34m3thm405a,15,3,112.21741528052772
9ckz34m3thm405a,15,4,111.77233606618788
9ckz34m3thm405a,15,5,113.41172814164499
9ckz34m3thm405a,15,10,109.10999958248601
9ckz34m3thm405a,20,1,110.41924658573483
9ckz34m3thm405a,20,2,111.0481964770238
9ckz34m3thm405a,20,3,112.22502308179662
9ckz34m3thm405a,20,4,111.6021917346703
9ckz34m3thm405a,20,5,110.77671560886371
9ckz34m3thm405a,20,10,111.20049799759282
9ckz34m3thm405a,100,5,111.86938200260082
9ckz34m3thm405a,100,10,111.40575548911342
9ckz34m3thm405a,100,50,110.83285662878316
9ckz34m3thm405a,1000,50,109.61001164704871
9ckz34m3thm405a,1000,500,111.58051087121467
9ckz34m3thm405a,1000,750,112.14483776308282
9ckz34m3thm405a,10000,500,108.71931616082873
9ckz34m3thm405a,10000,750,111.01786217430544
9ckz34m3thm405a,10000,1000,110.50748201409918
9ckz34m3thm405a,10000,5000,112.38343706037799
9ckz34m3thm405a,10000,7500,111.86537143380673
cz7ln2tal5qhfz1,5,1,131.33085087424888
cz7ln2tal5qhfz1,5,2,130.59413695705973
cz7ln2tal5qhfz1,5,3,132.5576279060191
cz7ln2tal5qhfz1,5,4,134.10598830632287
cz7ln2tal5qhfz1,10,1,132.3975922329073
cz7ln2tal5qhfz1,10,2,135.00483486636347
cz7ln2tal5qhfz1,10,3,136.45706131376576
cz7ln2tal5qhfz1,10,4,135.47850924966878
cz7ln2tal5qhfz1,10,5,134.7399909703136
cz7ln2tal5qhfz1,15,1,133.47604895253227
cz7ln2tal5qhfz1,15,2,135.52465535165922
cz7ln2tal5qhfz1,15,3,134.56368909583736
cz7ln2tal5qhfz1,15,4,137.1008523284084
cz7ln2tal5qhfz1,15,5,135.30896254393994
cz7ln2tal5qhfz1,15,10,133.80857154600386
cz7ln2tal5qhfz1,20,1,134.17014111787358
cz7ln2tal5qhfz1,20,2,134.84079332068384
cz7ln2tal5qhfz1,20,3,134.17937674961155
cz7ln2tal5qhfz1,20,4,135.96887478752768
cz7ln2tal5qhfz1,20,5,133.1119631703823
cz7ln2tal5qhfz1,20,10,134.4042153242945
cz7ln2tal5qhfz1,100,5,134.2726796140583
cz7ln2tal5qhfz1,100,10,134.5835820607636
cz7ln2tal5qhfz1,100,50,136.62898527207432
cz7ln2tal5qhfz1,1000,50,132.3841527578044
cz7ln2tal5qhfz1,1000,500,136.02824463369328
cz7ln2tal5qhfz1,1000,750,135.81182488643623
cz7ln2tal5qhfz1,10000,500,132.65245162300158
cz7ln2tal5qhfz1,10000,750,133.559556290526
cz7ln2tal5qhfz1,10000,1000,134.20835796045458
cz7ln2tal5qhfz1,10000,5000,134.8313321987542
cz7ln2tal5qhfz1,10000,7500,134.40614179235808
3ygub809y5e0rxr,5,1,189.07388577997338
3ygub809y5e0rxr,5,2,189.67964289199708
3ygub809y5e0rxr,5,3,191.42057638023962
3ygub809y5e0rxr,5,4,187.35869449826302
3ygub809y5e0rxr,10,1,185.86745633894725
3ygub809y5e0rxr,10,2,183.47024239370663
3ygub809y5e0rxr,10,3,184.77510835676313
3ygub809y5e0rxr,10,4,186.18626496316435
3ygub809y5e0rxr,10,5,184.19002467029694
3ygub809y5e0rxr,15,1,182.4961677527768
3ygub809y5e0rxr,15,2,186.4540195039313
3ygub809y5e0rxr,15,3,185.66955483707648
3ygub809y5e0rxr,15,4,187.14059638675747
3ygub809y5e0rxr,15,5,187.33727171847968
3ygub809y5e0rxr,15,10,185.95815976484786
3ygub809y5e0rxr,20,1,183.94469812510175
3ygub809y5e0rxr,20,2,182.55649287646358
3ygub809y5e0rxr,20,3,184.78234220361762
3ygub809y5e0rxr,20,4,181.5259310888435
3ygub809y5e0rxr,20,5,184.2353020109673
3ygub809y5e0rxr,20,10,185.15515629477483
3ygub809y5e0rxr,100,5,184.55531579324324
3ygub809y5e0rxr,100,10,181.99098184646874
3ygub809y5e0rxr,100,50,183.61747493613797
3ygub809y5e0rxr,1000,50,184.55776137308686
3ygub809y5e0rxr,1000,500,188.35656463217498
3ygub809y5e0rxr,1000,750,190.0283998640914
3ygub809y5e0rxr,10000,500,182.29112572318985
3ygub809y5e0rxr,10000,750,183.87977240558422
3ygub809y5e0rxr,10000,1000,184.0785291364761
3ygub809y5e0rxr,10000,5000,189.31757582409864
3ygub809y5e0rxr,10000,7500,186.80980378260386
vrlt89awtbuehfx,5,1,174.20711516670497
vrlt89awtbuehfx,5,2,171.15768657619094
vrlt89awtbuehfx,5,3,171.30695938920172
vrlt89awtbuehfx,5,4,178.33232708751655
vrlt89awtbuehfx,10,1,168.4013771475461
vrlt89awtbuehfx,10,2,171.22198759007486
vrlt89awtbuehfx,10,3,171.73388106148357
vrlt89awtbuehfx,10,4,180.477862206485
vrlt89awtbuehfx,10,5,173.15618026391013
vrlt89awtbuehfx,15,1,168.08278809213616
vrlt89awtbuehfx,15,2,170.02581592990012
vrlt89awtbuehfx,15,3,170.28390267782024
vrlt89awtbuehfx,15,4,171.1665854316745
vrlt89awtbuehfx,15,5,174.09008788975987
vrlt89awtbuehfx,15,10,173.73949196559136
vrlt89awtbuehfx,20,1,171.59384261969703
vrlt89awtbuehfx,20,2,171.01157530862994
vrlt89awtbuehfx,20,3,170.86202204738134
vrlt89awtbuehfx,20,4,171.6962751209134
vrlt89awtbuehfx,20,5,171.22102571715348
vrlt89awtbuehfx,20,10,179.22793191514396
vrlt89awtbuehfx,100,5,167.0175644052892
vrlt89awtbuehfx,100,10,166.99402245627027
vrlt89awtbuehfx,100,50,174.7367500802528
vrlt89awtbuehfx,1000,50,167.9605676831251
vrlt89awtbuehfx,1000,500,174.22845792810168
vrlt89awtbuehfx,1000,750,174.4600383150649
vrlt89awtbuehfx,10000,500,170.30408207016418
vrlt89awtbuehfx,10000,750,168.28123909075947
vrlt89awtbuehfx,10000,1000,166.4618235098625
vrlt89awtbuehfx,10000,5000,174.01462461164758
vrlt89awtbuehfx,10000,7500,174.2945805359228
xyvdwfe8z64oyoz,5,1,167.6036525318338
xyvdwfe8z64oyoz,5,2,168.63395828283092
xyvdwfe8z64oyoz,5,3,168.53169042051346
xyvdwfe8z64oyoz,5,4,169.6102062186526
xyvdwfe8z64oyoz,10,1,165.21396835729007
xyvdwfe8z64oyoz,10,2,166.7811548100076
xyvdwfe8z64oyoz,10,3,166.82990769909645
xyvdwfe8z64oyoz,10,4,165.36980229784564
xyvdwfe8z64oyoz,10,5,169.3044701875388
xyvdwfe8z64oyoz,15,1,176.50416585736042
xyvdwfe8z64oyoz,15,2,168.56308218542551
xyvdwfe8z64oyoz,15,3,167.25324178758746
xyvdwfe8z64oyoz,15,4,167.5363221836782
xyvdwfe8z64oyoz,15,5,168.7944769496116
xyvdwfe8z64oyoz,15,10,170.6548466038347
xyvdwfe8z64oyoz,20,1,169.15561964216306
xyvdwfe8z64oyoz,20,2,169.35499030642728
xyvdwfe8z64oyoz,20,3,168.45334681332292
xyvdwfe8z64oyoz,20,4,168.27038284741909
xyvdwfe8z64oyoz,20,5,166.6246513637796
xyvdwfe8z64oyoz,20,10,167.72421467734355
xyvdwfe8z64oyoz,100,5,171.3905481115956
xyvdwfe8z64oyoz,100,10,169.11346020687134
xyvdwfe8z64oyoz,100,50,167.7851958526594
xyvdwfe8z64oyoz,1000,50,171.83054816604738
xyvdwfe8z64oyoz,1000,500,175.47825328393483
xyvdwfe8z64oyoz,1000,750,172.54931005804045
xyvdwfe8z64oyoz,10000,500,170.89856230819103
xyvdwfe8z64oyoz,10000,750,171.4973843681787
xyvdwfe8z64oyoz,10000,1000,167.88801466478577
xyvdwfe8z64oyoz,10000,5000,167.0933626228229
xyvdwfe8z64oyoz,10000,7500,167.95813533104362
z2x1ybgywapr8x0,5,1,189.46476547210253
z2x1ybgywapr8x0,5,2,190.0629551051962
z2x1ybgywapr8x0,5,3,189.66524230523683
z2x1ybgywapr8x0,5,4,194.74617536489495
z2x1ybgywapr8x0,10,1,189.08945203751878
z2x1ybgywapr8x0,10,2,189.58243713779143
z2x1ybgywapr8x0,10,3,191.8232788171693
z2x1ybgywapr8x0,10,4,190.22013675286647
z2x1ybgywapr8x0,10,5,190.14393985459208
z2x1ybgywapr8x0,15,1,188.80416693027624
z2x1ybgywapr8x0,15,2,186.824796557223
z2x1ybgywapr8x0,15,3,190.2530296446164
z2x1ybgywapr8x0,15,4,189.86529419482315
z2x1ybgywapr8x0,15,5,189.1079736992087
z2x1ybgywapr8x0,15,10,194.10706816327925
z2x1ybgywapr8x0,20,1,188.11032512079464
z2x1ybgywapr8x0,20,2,189.630916615664
z2x1ybgywapr8x0,20,3,189.03115357937156
z2x1ybgywapr8x0,20,4,188.644625853063
z2x1ybgywapr8x0,20,5,190.92436748687226
z2x1ybgywapr8x0,20,10,192.70349659763124
z2x1ybgywapr8x0,100,5,188.10478497557997
z2x1ybgywapr8x0,100,10,191.1713975893017
z2x1ybgywapr8x0,100,50,191.8175749586061
z2x1ybgywapr8x0,1000,50,186.89323011048884
z2x1ybgywapr8x0,1000,500,193.41658280238505
z2x1ybgywapr8x0,1000,750,193.5488324130217
z2x1ybgywapr8x0,10000,500,188.69169507229603
z2x1ybgywapr8x0,10000,750,190.62952134527333
z2x1ybgywapr8x0,10000,1000,191.4374519647377
z2x1ybgywapr8x0,10000,5000,192.36640540096738
z2x1ybgywapr8x0,10000,7500,194.89797474064682
3j2uzccgoqa3u2m,5,1,169.5583295776684
3j2uzccgoqa3u2m,5,2,168.17941071976435
3j2uzccgoqa3u2m,5,3,170.6822078218646
3j2uzccgoqa3u2m,5,4,169.97843442144472
3j2uzccgoqa3u2m,10,1,170.6189217392067
3j2uzccgoqa3u2m,10,2,169.1772584732497
3j2uzccgoqa3u2m,10,3,170.09600786328946
3j2uzccgoqa3u2m,10,4,171.54091880273464
3j2uzccgoqa3u2m,10,5,170.58715850632439
3j2uzccgoqa3u2m,15,1,169.6256928520469
3j2uzccgoqa3u2m,15,2,170.5470914957504
3j2uzccgoqa3u2m,15,3,169.9019102721934
3j2uzccgoqa3u2m,15,4,171.717770583323
3j2uzccgoqa3u2m,15,5,172.8670843586508
3j2uzccgoqa3u2m,15,10,169.15070505423623
3j2uzccgoqa3u2m,20,1,168.57681986434247
3j2uzccgoqa3u2m,20,2,171.5409807813476
3j2uzccgoqa3u2m,20,3,170.536715248696
3j2uzccgoqa3u2m,20,4,170.94230528281884
3j2uzccgoqa3u2m,20,5,170.35252588401985
3j2uzccgoqa3u2m,20,10,172.4110215880106
3j2uzccgoqa3u2m,100,5,170.78827155282912
3j2uzccgoqa3u2m,100,10,170.0270669714422
3j2uzccgoqa3u2m,100,50,171.0586942358478
3j2uzccgoqa3u2m,1000,50,172.46007818310136
3j2uzccgoqa3u2m,1000,500,170.38027288901216
3j2uzccgoqa3u2m,1000,750,172.49330549397567
3j2uzccgoqa3u2m,10000,500,173.61376738271426
3j2uzccgoqa3u2m,10000,750,172.97260477895364
3j2uzccgoqa3u2m,10000,1000,172.6277969184712
3j2uzccgoqa3u2m,10000,5000,171.98046773210882
3j2uzccgoqa3u2m,10000,7500,173.92362802643976
vum2fldfgzx1jw1,5,1,167.15824593228342
vum2fldfgzx1jw1,5,2,167.1529056574176
vum2fldfgzx1jw1,5,3,164.8082813800551
vum2fldfgzx1jw1,5,4,165.10715555165433
vum2fldfgzx1jw1,10,1,167.3396693367361
vum2fldfgzx1jw1,10,2,169.8543306888082
vum2fldfgzx1jw1,10,3,168.28880071789632
vum2fldfgzx1jw1,10,4,169.06080654538172
vum2fldfgzx1jw1,10,5,166.004157338909
vum2fldfgzx1jw1,15,1,167.22217158089606
vum2fldfgzx1jw1,15,2,168.1630417881078
vum2fldfgzx1jw1,15,3,166.50944225027808
vum2fldfgzx1jw1,15,4,165.95679510650402
vum2fldfgzx1jw1,15,5,164.14338369325242
vum2fldfgzx1jw1,15,10,167.5543089100317
vum2fldfgzx1jw1,20,1,167.08046435789507
vum2fldfgzx1jw1,20,2,166.66229957163546
vum2fldfgzx1jw1,20,3,165.51106959095011
vum2fldfgzx1jw1,20,4,165.8550100244558
vum2fldfgzx1jw1,20,5,167.10596569778969
vum2fldfgzx1jw1,20,10,166.96612544318876
vum2fldfgzx1jw1,100,5,165.20485681875405
vum2fldfgzx1jw1,100,10,165.88711960877566
vum2fldfgzx1jw1,100,50,165.97326164015152
vum2fldfgzx1jw1,1000,50,167.8267759269361
vum2fldfgzx1jw1,1000,500,167.40719893947124
vum2fldfgzx1jw1,1000,750,165.73790839452178
vum2fldfgzx1jw1,10000,500,166.9468008876178
vum2fldfgzx1jw1,10000,750,164.83326846161756
vum2fldfgzx1jw1,10000,1000,167.84002144540563
vum2fldfgzx1jw1,10000,5000,167.38193891402858
vum2fldfgzx1jw1,10000,7500,165.28794234349417
zpdbjkc3r3564ye,5,1,186.3085686394947
zpdbjkc3r3564ye,5,2,188.79121865362205
zpdbjkc3r3564ye,5,3,184.4843897309546
zpdbjkc3r3564ye,5,4,184.8854632615833
zpdbjkc3r3564ye,10,1,187.37425869827516
zpdbjkc3r3564ye,10,2,187.1564359446596
zpdbjkc3r3564ye,10,3,186.67294439933656
zpdbjkc3r3564ye,10,4,189.4020653062874
zpdbjkc3r3564ye,10,5,189.2822465085035
zpdbjkc3r3564ye,15,1,188.5739748980366
zpdbjkc3r3564ye,15,2,188.33784682253886
zpdbjkc3r3564ye,15,3,188.2892690783939
zpdbjkc3r3564ye,15,4,187.89164607588302
zpdbjkc3r3564ye,15,5,187.60963633985523
zpdbjkc3r3564ye,15,10,190.7254476241114
zpdbjkc3r3564ye,20,1,185.30322568415525
zpdbjkc3r3564ye,20,2,187.76276237163208
zpdbjkc3r3564ye,20,3,185.80022894173663
zpdbjkc3r3564ye,20,4,188.53453183852355
zpdbjkc3r3564ye,20,5,187.2376653209163
zpdbjkc3r3564ye,20,10,188.36657027988417
zpdbjkc3r3564ye,100,5,189.03562310375804
zpdbjkc3r3564ye,100,10,191.72406951459374
zpdbjkc3r3564ye,100,50,189.28575703433464
zpdbjkc3r3564ye,1000,50,187.71208933993879
zpdbjkc3r3564ye,1000,500,187.81261510503964
zpdbjkc3r3564ye,1000,750,188.74113902175293
zpdbjkc3r3564ye,10000,500,186.11852560713044
zpdbjkc3r3564ye,10000,750,188.68443651976085
zpdbjkc3r3564ye,10000,1000,191.43976659892957
zpdbjkc3r3564ye,10000,5000,189.25407115712454
zpdbjkc3r3564ye,10000,7500,189.61374356749243
